,anthesis.ARIHAS_2013_drought,anthesis.ARIHAS_2013_watered,anthesis.BIOGAI_2012_drought,anthesis.BIOGAI_2012_watered,anthesis.BIOGAI_2013_drought,anthesis.BIOGAI_2013_watered,anthesis.BIOGRA_2013_drought,anthesis.BIOGRA_2013_watered,anthesis.BIONER_2012_drought,anthesis.BIONER_2012_watered,anthesis.BIONER_2013_drought,anthesis.BIONER_2013_watered,anthesis.KWSCAR_2012_drought,anthesis.KWSCAR_2012_watered,anthesis.KWSKRK_2012_drought,anthesis.KWSKRK_2012_watered,anthesis.KWSKRK_2013_drought,anthesis.KWSKRK_2013_watered,anthesis.KWSMUR_2013_drought,anthesis.KWSMUR_2013_watered,anthesis.SYNHUN_2012_drought,anthesis.SYNHUN_2012_watered,anthesis.SYNHUN_2013_drought,anthesis.SYNIT_2013_drought,anthesis.SYNIT_2013_watered,anthesis.UNIBO_2012_drought,anthesis.UNIBO_2012_watered
11430_usda,63.15568905,68.52831277,64.06592175,64.23822839,77.00771548,75.89117064,66.00671997,67.22379654,68.15498122,67.23432177,68.22033375,67.12497547,70.1384478,68.99276845,64.56216847,62.71163024,67.33879713,66.6185246,59.37740861,60.90658142,65.11313414,66.55907646,70.65909627,70.88041273,70.43616349,66.11518702,65.08547489
A3_inra,68.65034823,66.90000221,67.36537719,64.58631527,76.73821382,76.82628529,67.79167936,67.82183571,68.71258573,68.48255308,70.93188434,68.50051794,71.21664687,71.63354971,65.03935702,64.21584054,66.82921473,65.09782654,60.21907021,62.90748715,70.40944947,67.0851833,72.1506159,72.43711487,71.27894316,66.64552147,65.73937367
A310_inra,69.65319131,69.62794654,66.67741604,65.53804913,77.67238245,76.7086461,67.50090996,68.18623599,67.71582672,69.00330704,71.93042739,67.74452775,69.50850364,67.4109047,66.09283767,64.74748697,65.98595781,65.44793008,60.45796922,62.48780304,63.60719083,66.67672018,69.9297428,70.29266416,71.24074954,65.21632718,63.61027388
A347_inra,71.15761887,69.01390602,64.92067409,69.11577062,81.20316447,77.58498892,69.61122915,69.35533793,70.18533697,69.85357565,76.10175265,71.53137335,73.26289845,72.60727668,65.37831117,64.45670414,68.8850467,65.48987777,61.47048494,61.81311844,69.56957385,68.20603695,73.88613625,71.63138811,75.41792337,70.85451737,67.88911744
A374_inra,67.96996868,70.19565956,66.37495696,67.82053527,78.24011959,77.34298794,68.53674405,69.2460862,69.07037929,69.44532988,72.84795698,69.59222382,71.85508115,70.56349174,67.66527132,65.28051356,67.78906853,65.45608683,64.61955355,65.49748571,70.72107505,68.07875917,72.22050674,73.79572561,73.33449964,67.64907654,64.40043385
A375_inra,65.58971989,66.76050666,64.463451,65.0423281,77.83015867,78.04853569,68.03235373,68.5184931,69.23382089,68.60411046,72.23288061,69.91076821,71.12190944,71.67503659,64.91871967,65.62542443,68.73466198,65.44130608,61.36950864,62.24470388,70.83370029,68.40977459,74.41997681,72.83963984,72.53544258,67.35286506,65.20852593
A554_inra,65.64407416,64.36619564,62.19975925,63.98304155,75.12297615,72.19787054,65.69054,64.89253479,63.58096068,67.46371637,66.37366965,64.29206473,69.48104265,64.70481436,62.11639792,59.89467795,63.93782621,62.04010972,56.68772074,58.04120249,63.31282234,65.76799011,67.98792998,70.4168581,68.93594781,65.30255061,64.22443328
AS5707_usda,72.51692289,74.10587924,70.80895795,69.57947791,85.80995684,77.28781778,74.16412093,71.90320649,70.73008063,73.95577193,77.69256805,75.5565956,75.46484174,72.7442701,68.8166366,66.11803947,70.75627905,69.966146,63.96835169,60.72520919,71.38094883,68.56210661,75.60250227,73.8063048,73.48016158,71.96362264,71.68745542
B100_uh,71.95724156,69.09981002,66.22896155,65.18118172,81.27380088,77.40283494,69.60360529,68.06775498,69.74333732,69.07341593,75.20719265,69.4485111,71.9050711,72.07955267,64.94711209,63.73023124,68.01787887,64.7132131,63.49726661,62.13434114,68.01170746,67.42500266,71.53918777,73.36332413,73.64681091,69.78564272,65.34990887
B104_inra,68.96228334,70.52860699,70.64058727,68.15154902,85.35022801,77.81852914,73.35261377,71.34463596,69.66796263,71.60897334,78.46258228,73.8792207,73.32832986,72.11808265,67.23509807,69.91915939,69.55741095,68.58623162,61.0554827,64.17769505,70.18172818,67.61638702,73.13848783,71.83133339,75.31522076,72.22695187,66.485141
B105_inra,65.12261933,67.02782894,68.33789447,64.14578224,79.47150389,74.27327593,71.85029584,68.47867401,68.70491416,69.03816292,72.09989217,71.45093261,70.88472096,70.98757243,64.99669016,64.87220902,67.33879713,65.53008962,62.70276163,64.37693035,65.72489551,66.02706751,70.42381453,73.32740726,70.20410588,65.96354453,65.30658511
B106_inra,68.47972151,72.27406579,70.74238251,70.7130536,85.40433536,79.2724261,71.18139972,72.56278612,71.38511975,71.79764712,76.49424687,74.55691858,73.2653458,71.1375972,70.86640328,69.39432637,71.24784837,68.97852331,66.53740106,66.37867031,70.24556473,68.9909543,78.88731249,73.00800883,72.8910989,71.46856247,68.3565712
B107_inra,68.64990077,69.54427836,68.63781119,65.96974684,81.38681737,78.48423868,71.05132995,69.69373424,70.1963846,70.39001953,74.76771304,70.41109441,70.85268899,69.1684415,66.51278397,67.1018569,68.35700528,66.85097367,60.85124557,62.97444744,70.07612509,65.45706709,72.70754647,73.79843026,74.48307803,68.9864943,67.95744872
B108_uh,68.63798191,70.79223071,70.44675202,69.02804183,79.88730784,77.88651221,68.22598636,68.90308084,69.40482097,70.39740191,75.4938551,70.00325887,74.05949181,74.00027586,64.92086524,62.33242173,67.03819709,65.53008962,63.43655534,64.11786524,70.63316186,68.34240601,73.11932456,71.65022658,70.61199642,71.6861889,66.98333213
B109_uh,69.99501741,67.67198392,66.37498926,67.95639413,82.93421716,77.43575963,69.27956489,69.11373461,69.24103593,70.09007294,73.25087014,70.73842883,70.33857689,70.60031934,65.14582056,64.59223811,67.40515662,65.58590477,61.28113401,65.71191868,67.45343521,65.57965694,73.14694602,71.18156604,69.17017158,66.38125389,65.11598475
B110_uh,67.6873514,69.55122806,72.13383837,69.623898,79.60790366,77.37973195,74.20547081,70.32172811,70.25394641,70.1943061,77.11225165,73.26838997,73.43799472,70.75778356,66.70801116,65.41193648,69.93486582,67.43034729,62.6466972,64.31877937,69.2375979,68.109886,74.58286576,72.7599968,72.17311387,68.1018235,65.36464036
B113_uh,70.2829284,65.39901949,68.01787284,67.2491845,84.44774225,77.42363266,70.92100078,69.57421864,69.37877926,70.86716902,75.44567748,70.82270938,72.33536657,72.1598407,66.03755857,64.32981507,67.12344397,68.03764194,61.65910551,64.32006739,70.98801539,66.77334936,74.04229899,72.09425101,71.53138711,68.90038582,65.17028151
B37_inra,69.84900367,72.25313643,69.8421176,67.918705,83.52407417,77.85062774,72.64084744,70.66946909,71.87005546,71.67452044,77.21952557,72.17130828,73.8569766,72.37865249,67.91295487,66.16753751,69.61696845,68.76942396,63.53788412,66.55239634,70.80467935,67.809747,76.69142751,72.08656992,72.69675455,70.83238179,70.0398599
B73_inra,69.62619915,70.36845353,67.30776,67.444327,81.5865171,77.25942579,70.75227683,69.25129549,69.52229726,69.3353203,74.56575981,71.32861307,70.46276215,70.15940631,66.25574191,64.61544879,68.25984658,66.4052895,60.48972316,63.39723199,67.08391557,66.93788581,73.15171176,75.08330952,74.15168756,66.93786695,66.2609974
B84_inra,70.31591572,68.88416305,69.56835697,67.92389592,84.90077888,77.15072869,70.81412047,70.93005716,71.00119353,71.72450683,77.87348973,75.1244694,73.02183851,72.08656383,66.61685706,64.81297962,68.16763586,70.23914332,61.89957742,63.56377062,67.65627356,66.14544497,74.83704489,72.26503373,71.09752369,70.35993436,66.06304305
B89_inra,65.08759832,63.73443226,65.33742823,63.06181357,77.11282726,72.89957956,68.09290935,65.48728621,65.3769062,66.75020559,68.61748991,64.07014005,69.62990221,68.37518367,63.22428523,61.89851443,66.34483721,64.13142028,58.79857767,59.31467757,66.78299006,65.90015885,68.68160749,71.68894418,71.97806403,65.46068912,64.84093099
B97_usa,68.1391602,70.93116655,70.84045638,69.3538227,80.39082898,78.82388453,67.20398669,70.21507477,68.66386739,69.37688111,77.22069248,69.60732292,72.98433682,70.21702558,65.91429646,65.29634422,71.54284377,70.96778039,62.84328437,64.70865012,68.99651752,66.30044609,75.83614243,73.64509014,72.89400916,68.94499715,67.00659067
B98_uh,69.77275694,71.32207372,68.7736862,69.91711275,84.0627138,79.32272292,72.77821658,71.2011099,70.23224878,69.16727609,75.94731126,74.39584747,72.33902792,71.34003411,67.6976106,67.84523294,71.25252255,67.88510432,63.64519108,64.07537442,71.00281292,67.05497829,75.02506434,73.14608889,72.66454143,70.26933317,69.37084955
C103_inra,70.25470618,68.98874826,74.14098686,70.33415325,84.93922428,79.57756617,71.19998902,72.51057599,72.79543787,74.20950534,78.94884451,77.15442394,73.83660949,71.32000563,68.78815891,64.0232374,70.64685512,71.36138098,66.94482995,69.05757447,72.72729085,68.4925567,78.42302967,75.86186748,75.42366687,72.75186802,70.3087025
CO109_inra,61.12755013,60.77510375,65.45203092,63.27745395,77.94381945,73.21257306,65.71974822,65.07169562,69.18686881,67.76985195,64.06149696,63.29273057,68.78512206,67.29681106,62.95277548,61.94938705,63.13460134,60.95589939,58.43407374,58.06379995,64.16366083,66.14209966,68.10536534,69.98323006,72.68687534,61.46266027,61.76993143
CR1Ht_usda,64.23659849,64.71419256,63.26207371,63.26778939,75.98639593,71.59146573,66.40317498,65.08607979,66.59180615,67.41054815,69.19124708,64.78121602,71.49981258,63.60808977,62.06679079,61.34885263,65.54235396,62.90267804,60.45277909,59.73232268,63.74856664,64.40931408,70.28563229,69.19900444,70.38696534,64.99057756,63.33168556
D09_uh,59.75822361,64.18055404,63.18559777,62.40151266,76.12962632,71.22834202,65.02377911,63.37079276,64.2072128,65.49792482,65.9970107,62.10872446,63.54987783,69.8998772,59.1207891,59.01056539,62.19207899,61.6654516,57.52281994,56.50804176,63.84454029,63.76743822,66.75712798,69.32374497,67.36036348,60.31047381,61.83267506
DE811_inra,69.8943089,72.50740428,70.65469626,70.52569506,83.0217507,79.53995767,71.92438278,71.49893162,71.31606929,70.87859279,76.99543673,73.55723494,71.95508033,74.04965014,68.58983989,68.18818598,70.89621249,66.99057499,65.17419149,68.49977031,73.00425957,69.67648565,77.10037662,72.60182422,73.58154748,71.62688039,68.45795434
DK4676A_usda,63.17634187,72.43409875,67.92818543,64.46488292,75.97422293,71.60162728,66.84305675,66.2032837,68.94971168,69.39404982,70.46456327,66.43114446,71.65780016,68.37586276,62.17456278,61.79814002,64.90138879,65.57320024,59.28573972,60.38254462,63.82517188,63.51923843,68.13080431,71.94785497,72.62767513,66.08291291,65.0810404
DK78010_usda,67.13982866,65.42448574,69.39363533,64.04785443,76.64188954,74.71384874,66.13530412,67.69908019,69.21422238,69.05048154,73.34510806,69.05165362,70.16173994,69.99005856,64.69796491,64.05187383,64.6906278,66.2770554,60.44191371,63.67009124,65.84200293,65.85138231,72.49794026,70.76295699,73.38506485,67.04741501,63.4985125
DK78371A_usda,71.26914216,70.53165358,68.53540541,69.50782471,83.1002064,77.4362374,70.96323376,70.59073616,70.53666076,70.86267239,76.58982758,73.45980133,72.39846528,72.95221916,66.65874802,66.00535831,68.7072437,67.9413282,64.97622764,65.93248073,72.10417247,67.54097615,75.55695566,73.8783942,72.74889422,71.240189,65.03733188
DKFAPW_usda,65.04609288,65.22601985,63.97041187,64.08382535,76.16393136,76.5185289,71.03131626,67.2610104,68.91418015,69.23690483,72.14539585,68.95666447,70.31911292,69.85762909,63.58616473,61.94856347,66.74160249,64.49344157,60.21714724,61.89852747,65.17536437,65.82563224,70.75529656,72.15021478,71.29538214,66.9645521,65.1485544
DKFBHJ_usda,69.26782152,70.95821863,66.00581881,63.9225381,76.51741087,76.31482511,68.83011193,67.554558,68.56099712,68.77530605,72.68407116,69.38793422,70.80245824,70.53468464,63.94626466,63.69071967,67.11956114,64.82861155,59.86246785,60.61494728,63.58955511,66.2010957,70.48887941,70.91158781,72.89767122,67.36836983,63.31345623
DKIBO2_usda,61.03004745,67.00493613,62.42376664,62.12377934,75.02160166,71.33534085,67.74394802,64.51083608,65.26813649,65.12145892,64.8873008,63.96643802,62.47199473,65.0924706,61.78584446,60.84993437,64.12359736,63.8958707,57.29737118,60.01814088,63.76560514,65.73183956,67.84182018,70.30067257,72.89638754,61.81952481,61.44088715
DKMBST_usda,69.77871525,70.82637357,69.7737962,69.60848306,82.03860169,77.6959961,66.28196755,70.55995728,71.51461419,71.56233356,76.47874398,73.49819987,74.08618377,72.02129313,65.38697626,66.22609017,68.2849781,67.70419694,65.07591763,66.62356675,72.14228416,69.85449537,74.18817637,72.77337483,74.0179361,70.25752716,68.81556078
EA3076_csic,69.343675,70.15200528,66.63948038,67.06393282,79.92465267,77.5716483,70.52746361,69.5912061,70.71581647,70.73021854,73.02611822,70.53684346,71.70907707,69.05185575,65.7826363,66.09698075,67.47191858,67.06284281,60.46376245,65.69266762,71.18794118,70.10703552,72.51118514,72.4846482,72.67102498,68.13363041,66.73770818
EC136_ciam,62.25260644,61.35177021,62.52774193,62.86854878,76.40899885,72.42284393,65.40976569,64.26909585,66.04551361,65.84239467,63.40882591,62.97533037,65.47231345,66.18726563,61.08104195,60.39753224,63.30273046,61.81563375,57.99550771,58.59234835,63.43916839,65.03858439,68.17559802,70.60827251,69.57022991,64.41334865,61.60241206
EC140_ciam,63.61505369,65.38966785,64.45267797,63.95991926,78.86281739,74.51854916,66.71009303,66.15703693,68.79864396,68.63337779,71.23532239,66.58000361,69.30722782,67.42309153,62.09494521,62.49459577,63.7287099,62.72171624,60.54392996,60.57384643,64.83773218,66.0004782,71.05489115,73.47164628,74.13775401,64.723682,61.75309391
EC151_ciam,70.31646997,68.84405179,64.36653241,65.20729534,79.9864875,77.71532042,66.68727378,68.76055081,68.78220247,69.07783751,73.98051827,71.3689319,71.50403761,70.95545312,65.53575106,65.88320717,66.77921622,64.5295236,61.85182173,63.92774768,67.65529672,66.45956735,71.88392949,71.29433384,71.13935279,69.64197014,65.02105799
EC169_ciam,61.84519018,63.94657163,64.06278528,66.45569617,75.41313476,72.57831323,68.46995381,65.37758855,66.33523545,65.66139219,66.40778018,62.87118553,70.17926687,70.00924488,61.85522452,61.3684889,66.1904654,64.52090364,56.70858078,60.36859423,63.45302589,64.60888028,69.25529172,70.6950191,70.12104242,65.21115036,62.84378311
EC175_ciam,62.77659352,64.21270823,64.32317315,63.79427982,76.60714709,74.68594489,69.19456146,66.77744567,67.3098652,70.76824578,69.5460608,66.00863621,70.18026343,68.98717895,63.04227905,62.77797223,65.08258772,64.242501,60.29201929,59.78505026,66.86904769,65.37822057,70.04107845,71.46163474,70.33383003,65.04511216,65.25354247
EC232_ciam,64.23365675,66.25843662,66.35157627,63.99771023,78.25133445,73.14174171,68.00859152,66.88566604,68.55125068,67.76048588,71.58941135,68.35433736,73.22253971,70.36959888,63.8267117,63.76188074,64.49019702,65.2622501,61.00857787,60.25431448,65.6709517,66.26356753,72.05532055,71.0626022,72.74866155,68.65817839,65.43546809
EC242C_ciam,60.30861479,62.45941825,63.435852,62.45016739,76.31071565,72.96640299,64.53944575,64.48990027,65.68912768,65.92379463,66.00405381,62.15355005,66.29658006,64.80733553,63.36148425,58.7436226,65.14574821,63.38698626,56.68188578,56.67496816,63.47408327,63.7594466,69.22050137,70.27194808,68.92765917,62.90489749,62.1654726
EC334_ciam,69.41556832,67.67322473,67.87108635,65.22762766,79.03259148,78.24549001,67.86559248,69.52825026,69.52709696,71.10292543,74.68658735,71.20725135,69.99003472,68.87464723,67.62695848,63.9839523,68.22093467,67.03486484,60.59634868,63.46087434,68.03349083,65.15931139,72.0134633,71.1318756,69.389688,66.64238225,65.47162117
EM1027_inra,68.5329803,68.26401086,67.83103193,69.02799246,81.87179058,77.22966286,70.83119491,69.53236942,69.22954416,69.66606556,74.216103,70.30729622,74.89667383,73.22183198,65.55131665,65.05151671,68.63321622,67.8005321,64.90824078,70.08274252,70.46101108,67.46967586,72.63974157,73.00315538,71.60082457,69.95653182,65.01025874
EM1163_inra,61.53875051,61.27927035,62.63332426,62.52815088,76.80071297,72.48894287,66.07921776,64.58647921,66.17895867,67.02677498,65.99934657,63.94932027,63.2407809,65.13136038,61.92539566,59.89228739,62.87735658,62.16028589,58.05336284,59.78717843,64.68084837,65.96443174,68.65139365,70.28312508,68.39514769,63.61121269,65.07078916
EP10_csic,68.15625987,61.22788159,64.18573339,63.72980003,78.6268852,76.51869922,71.68150632,67.07338205,68.34360262,68.8244939,71.27233451,65.44927935,70.35764897,65.96176028,64.9204287,64.2729144,66.79359647,63.81918951,61.18874454,59.46357119,67.52121433,66.5068092,70.78415771,71.62536489,69.65233348,65.1783408,65.01825511
EP2008-18_csic,68.09793967,67.15801271,63.79982009,64.93448713,77.29290789,75.45158476,69.41900162,67.32124742,69.14432989,68.03548606,74.26086997,70.61705994,68.94451355,67.66852839,62.93912145,61.64743311,67.30868566,65.60387009,60.12474833,62.70002267,67.57266827,65.42622199,72.12009058,70.60701473,70.675598,67.10513233,65.14501789
EP2008-22_csic,64.09430515,66.03670404,63.53552527,64.6224001,76.65771115,76.62965434,65.74213029,66.80610273,66.7400441,66.25256918,72.3879017,67.09813485,66.46127993,64.45018462,61.12310494,63.83465043,66.42195904,65.72915128,59.3665023,60.41285821,65.29961266,65.42540926,70.16557451,70.85735461,69.69919521,68.63420985,62.70047738
EP29_csic,67.91475923,66.69596656,57.51027246,63.30891555,76.12942196,72.39930466,68.86109464,66.98587665,68.77146664,69.09662419,70.7258235,67.18812904,70.06404619,67.30484879,64.86657245,62.85020032,66.82547008,64.82861155,59.80736977,59.12170753,67.92497367,67.04559878,70.30584394,71.96918001,72.79894117,66.89369721,64.35843922
EP51_csic,61.80214925,60.68500222,62.37761175,63.7924049,77.20845403,70.8948837,66.42537883,64.54368909,66.06196568,67.15600063,67.82378812,63.32605528,70.29675981,69.71684882,62.29697446,61.0688381,61.30982338,61.05708239,59.39639138,60.44193864,65.26019788,65.68309523,67.21882968,70.35767326,72.77648286,65.75746363,64.97622487
EP52_csic,69.92961981,64.5966117,70.64874215,65.73201397,79.59632478,77.15707455,70.30002277,69.95108141,70.63133198,70.28322928,75.79515563,70.08602941,70.73048059,69.71759811,67.58530156,67.76085601,67.40702418,68.70823905,65.27619015,64.82792471,68.94253683,67.36699704,74.69934902,71.84532088,71.92864665,67.88679361,65.42768955
EP55_csic,65.19897195,66.91405259,65.67971605,66.55177933,77.13681123,74.97786376,67.53839938,67.44367774,68.45236223,67.72661378,71.77931752,67.95544644,72.27126895,69.53001622,63.38864166,63.68678388,66.59436402,65.70589457,62.90129201,62.05725275,70.01345256,65.48399189,72.16654041,71.67391517,69.54406534,68.40158409,65.2252689
EP67_csic,61.51475497,64.06154961,64.52221812,64.15339958,76.47801157,72.6993037,65.27862828,65.93822852,67.14735611,66.0074106,69.92736865,68.49240318,65.50459847,66.63805291,62.00372179,61.45548516,65.11726297,64.30952129,57.46889659,59.0584331,65.65343318,65.28227504,70.27206444,70.59532923,70.23998263,65.55968929,62.44943247
EP72_csic,66.7789672,67.48284499,66.81530866,65.69897425,80.70436257,76.39009812,71.5281489,68.09420893,70.11622479,69.06701437,74.98068948,69.80572881,73.11594454,71.99776296,64.47353606,64.52281935,68.97039004,64.68161231,62.76813105,66.72630491,71.10116888,67.25758432,75.08277331,71.8021147,70.07607199,68.22970945,65.15528282
EP77_csic,62.34517689,68.30676555,64.15522223,63.36014739,76.51340152,73.96343465,67.00760011,65.33487002,66.44109999,65.71458639,69.73025376,65.86008001,68.99650009,69.09091578,61.96465958,60.3627515,64.33829807,63.62549713,59.20813977,59.94298702,65.06686627,65.06780963,70.91091453,71.52887872,69.68657404,63.78661989,65.21587519
EZ11A_csic,70.90392005,66.30918416,69.23595447,66.2116723,84.59987198,78.21909884,71.00029604,70.83160476,70.38357442,70.15603451,77.90937052,73.37878726,74.35513663,70.52645328,68.07624113,68.20918924,69.90606818,69.32844641,65.46600868,66.14098866,70.27839176,68.70012273,75.6965471,73.99213537,71.31049387,67.79188677,64.7671273
EZ18_csic,70.77869153,73.60249052,76.06224464,74.47608742,89.05184171,79.70084856,73.94517357,74.94640409,74.91482162,75.41066675,83.4747386,78.16735169,76.55914589,76.35712967,73.20021756,70.43095655,72.12736632,71.18536967,66.20295402,68.56872719,76.68366849,75.07689857,75.568934,74.7515537,74.36691068,74.53340645,74.92912215
EZ31_csic,69.91306177,69.76868791,67.22426194,68.59328874,82.55845695,76.7045332,72.21189223,70.08727568,69.84336048,71.79498505,74.92732004,72.40523516,70.91629379,70.22095559,64.89182975,64.79968989,71.06049121,69.13129982,62.03435516,63.5038654,69.82076998,67.75996382,74.19975877,72.73848115,72.91226139,68.37230458,68.37214446
EZ35_csic,68.00761484,68.24775318,65.26275367,65.50138333,78.16321688,76.95690019,68.85957948,68.30740646,69.04204415,70.44869552,75.25827591,69.17191779,72.26745208,72.9930377,64.4089048,64.12762751,67.01562837,65.3173893,60.77384315,62.15266865,68.73484512,67.68906357,72.81668435,71.86634385,71.6842277,67.32851139,65.81732912
EZ36_csic,69.3983901,69.14058884,67.57822905,69.41156144,83.81679966,78.99394579,70.55881254,70.34384856,70.30687846,70.89791652,75.60886686,71.56559076,74.78506732,72.21930063,68.8928876,65.79453425,67.73524454,64.63274568,64.76501941,66.14079207,70.39497321,67.79817197,73.86115469,72.85709386,71.67594524,70.10509416,68.81556519
EZ37_csic,69.29312396,69.60880662,69.12785485,65.45825841,80.84288498,75.57180881,66.19494343,69.15235232,69.28446612,71.53287584,74.65426113,71.72442968,72.43055115,71.28239057,65.00387546,65.21385668,68.73519458,67.24330349,62.11673312,63.71459978,68.24770756,65.58057818,73.79526004,72.68590747,71.08929811,69.43764405,64.90048459
EZ38_csic,70.5830536,70.86670005,72.28950358,72.40811601,82.71794551,77.50228872,70.00238821,71.70612519,70.91265914,72.87832648,76.13990414,73.42751833,74.0064098,73.5862847,65.75605381,68.67824159,69.92776165,69.06080766,63.47697988,67.48511753,71.29445453,70.50413722,75.46187818,72.97349492,72.70414696,73.60560716,66.90575967
EZ40_csic,70.92273792,69.77769658,67.43626795,66.90413573,86.55480188,76.74085898,75.51550518,68.80231395,69.82879311,67.97712113,78.32643723,73.94485551,72.02404825,70.07823235,64.57452092,63.25673525,66.91118569,66.11575289,65.04176586,63.45822243,66.17121534,65.7835925,75.29375184,74.76370863,75.94288799,69.93440292,65.32537933
EZ42_csic,67.68304685,69.74954066,69.11368038,68.31239849,80.51925661,76.80546679,72.05570705,69.8628161,70.15253851,72.13490484,72.60948702,67.41019654,72.89517029,73.5542712,66.57463082,67.58017751,69.00913892,68.05378515,62.73038197,63.44545394,69.45696666,69.24158664,74.35893771,72.25772318,72.77309813,70.53622081,68.59892041
EZ47_csic,66.10759775,65.96782457,63.44057416,63.86962323,79.87584977,77.56441415,65.57223884,67.06517636,67.14494633,68.16908456,75.56504058,71.05812675,69.37433845,67.71992989,63.23046755,58.92049693,67.38311947,64.57611361,62.34060285,63.63776235,64.15755497,65.64486778,73.14916664,72.68139382,71.22073674,65.04829038,64.41954678
EZ48_csic,71.61027157,72.28400573,73.34549066,70.91601709,87.49532773,83.43142555,72.16416736,73.51311213,73.538135,73.69722479,81.30021378,76.66422622,71.42668581,70.42756111,68.17171587,69.87071651,70.60407293,69.72290368,64.89046702,66.96320088,71.76232276,68.58835739,77.63095775,72.19265176,71.82939184,74.19560959,67.86275009
F04401_inra,67.18823582,65.93872511,64.15361045,64.39008959,76.72900278,73.60644626,66.77708505,67.09341188,68.17880433,67.99880374,69.89554668,66.7790491,71.16608028,68.68243091,65.11923506,63.71437286,66.7359815,65.96650664,61.02004356,61.86229505,66.02356298,65.75887334,71.60361593,71.69472559,72.1484605,66.21228748,63.38212129
F04402_inra,67.64421982,69.49959517,64.13268976,64.80828129,76.32569736,72.83987119,66.58792569,66.3838559,66.12604098,67.95245218,70.47204683,65.73770846,71.3990831,67.65519848,63.8132503,63.08664067,66.01897635,64.33860309,60.47364287,61.63514611,64.79138076,64.81652294,71.08101331,72.52172134,71.50106452,65.60909281,63.77446741
F04701_inra,68.46479996,70.91104194,65.97096883,66.44618889,82.44432869,79.82431323,71.63142127,69.83073827,70.99114896,70.87363066,74.96877549,71.6623861,73.66924905,72.53924966,65.16196203,64.40750262,68.72499055,68.28789869,63.16050108,64.55304989,70.02768614,69.73163402,79.23572881,72.95854658,72.20395214,70.83625032,69.55695006
F04702_inra,66.7286505,72.26880524,68.8615635,65.99801415,77.11988245,75.79619489,70.78536561,67.59855426,69.43949762,69.71713947,74.49603066,67.18237129,72.0207058,73.47464878,64.65039139,62.90562017,65.83006105,64.7860741,62.8887699,62.52314707,67.48181945,65.52247255,73.37118126,72.95034061,72.043441,68.38178163,67.51278035
F05101_inra,66.69170969,65.29684241,67.14165132,65.49568543,77.99816748,75.0433938,66.58293446,67.65400568,68.31421232,67.50277636,71.21036336,68.00581068,71.73961205,67.52669375,63.80899983,62.07254436,69.69624838,69.45124374,58.84014812,58.58359771,65.92790909,65.08713943,68.90659645,70.55719245,71.24090242,64.31532578,64.30148294
F05404_inra,68.13734354,67.66419119,66.47598945,66.8745623,80.25043483,77.91193008,67.76044212,68.86873211,67.80336399,69.82906043,74.03347815,69.4355561,70.31200765,70.34185674,65.1067443,62.41460033,68.01850229,68.3399414,63.3537819,63.47433457,64.92318033,65.53389958,73.76126277,72.81024136,72.87925959,68.75781716,65.07024266
F1808_inra,68.12960573,69.71952229,64.87460523,67.51362363,79.34804699,74.76216576,66.57969004,68.10575599,69.10169575,68.91109697,71.77928928,67.96462344,70.69033117,70.68291437,65.46222039,64.03116069,67.77303307,66.03151675,62.20781186,63.62328233,65.54309019,66.36092009,73.09303421,72.33907714,72.83499607,67.90069467,66.21860481
F608_inra,69.02420121,71.02488884,70.40708869,68.13007736,78.92488495,78.30157953,69.5403659,68.74229354,69.48039029,69.03448343,73.04729998,68.76662514,69.71832241,71.17970363,64.87167805,64.00902389,66.84613131,66.08042044,61.26676839,63.45594673,68.64000512,67.49958953,73.26531637,72.50470515,71.26711508,69.71066982,65.18536324
F618_inra,67.76935821,64.2763128,64.53559496,65.14953441,78.36614941,74.45411052,70.70281358,67.95763721,69.47115297,69.25230276,73.0290339,69.71112274,70.7310594,68.54629732,65.24381487,64.73349327,68.13385302,65.06543062,60.50920635,60.54458441,67.59017019,65.80553793,72.31089844,72.73044716,73.55817047,66.93721385,64.62384382
F7001_inra,69.08578228,70.84633294,65.82261511,67.04888073,80.72645995,77.04398001,69.57228823,69.23803139,69.41793098,70.53628527,74.66988201,71.53115734,73.70948025,71.38979874,64.30124343,65.18858596,67.14833664,66.76702229,63.21551608,63.14561818,68.11166623,66.81551916,73.60223439,73.94598624,72.68861424,68.91160053,66.122934
F7019_inra,63.85603061,65.40952472,66.74184197,64.75962828,76.71202074,76.09502417,66.07820451,66.55437054,66.44494721,65.9972292,69.12826425,66.98874121,67.31209098,65.89691717,63.76883225,61.71980882,65.5647367,64.21548678,59.29610072,57.7310102,63.3799499,63.76948504,70.24083231,71.59038892,71.32750583,64.46315461,65.11108397
F7025_inra,65.68128289,71.12780982,64.74220711,63.54892934,79.84869803,74.98515767,70.21180567,67.16384672,68.5636279,68.35075354,71.00457877,67.52543826,73.03992257,70.14930799,64.00174126,64.47438225,64.95936247,65.21583852,59.7612607,61.8303675,65.98569169,66.29137905,71.07974355,71.54706922,68.44526914,65.62089928,65.84144437
F7028_inra,68.43465491,69.03004759,63.92826751,64.77068626,76.59129101,74.00467187,70.92249567,66.795848,69.06790858,68.56859759,73.26292086,67.2986659,73.34752748,70.40883295,64.1222308,62.1616425,65.21677639,64.6068383,62.80721952,63.548674,69.74966614,67.66902434,72.80455896,73.90368674,73.01415295,68.4635801,65.93399467
F7057_inra,63.82196818,69.58024976,65.98070102,63.25203354,76.32816741,76.41496141,67.83297211,66.92446031,69.40599582,69.4712184,71.64455043,68.15119611,71.33505727,70.39537677,64.08611076,64.02136317,65.54395722,61.14090181,61.10461654,63.6013655,66.16800394,65.35495446,71.08300014,71.83151298,72.01804639,66.83255867,64.73254005
F7058_inra,63.1918892,69.12788561,64.05645139,64.00406902,75.31392874,75.45481182,69.73634413,67.08790666,68.20640154,69.97029248,70.09450938,67.16938981,69.26317005,70.2927399,63.19943087,61.82633615,65.16059527,65.7718765,59.98055588,62.24128712,63.91390535,64.30856761,70.40118864,71.51624829,72.14092595,64.65828804,65.18299057
F7081_inra,70.7688506,66.08266482,69.35410445,66.54738459,79.8357957,77.50196816,69.7124037,68.64931045,68.51281663,68.07459658,72.34705792,69.44759844,70.23583183,68.7009952,64.93505825,65.7783375,68.7127528,66.26147518,62.16936884,63.95782273,67.73769284,66.08470523,72.98583793,70.82192681,69.58326271,66.6077561,64.33018931
F7082_inra,68.91413727,70.80498534,71.37626382,66.05393055,77.02815181,76.70472269,65.75863119,67.48750451,68.74704954,67.80323064,71.50118458,68.56787772,70.79987003,69.11167052,63.82594485,63.00136335,67.09754978,64.35311872,61.53883033,62.10314977,66.83931854,64.3053895,71.88100159,70.72184742,70.04444359,65.76213352,64.8769064
F712_inra,70.74046373,71.14118316,69.32292288,66.67446898,84.55215366,76.69117598,69.4491388,69.60359458,71.37426093,71.65321581,75.16717682,71.56047423,73.54385408,71.79346021,65.61333607,64.60314934,65.65529337,68.27006551,64.77721143,64.212246,70.94597963,68.31271869,76.11436517,73.09032226,72.85975119,68.8321,68.45214271
F748_inra,66.64643822,66.94210613,66.31050019,69.9075754,84.91150649,77.70143552,68.17997625,70.58193985,69.96799534,72.53256319,76.57616868,72.06969095,71.9949976,69.92036359,65.65042162,66.74276581,68.50793066,67.18938135,62.80161523,62.73219603,67.75293985,66.64579077,73.48240276,72.72821471,71.18299909,66.64165713,65.47686115
F752_inra,71.87567176,70.8981568,71.67727253,71.18735281,83.62507751,76.63902063,70.13981049,71.56148549,70.29132583,71.39582974,76.45937177,72.32073337,74.66091182,73.1002638,68.78592039,69.12165974,68.67298444,69.21159205,63.78673992,66.11507219,70.96814304,69.32988906,75.67158818,72.63773112,74.26324987,70.45626943,67.6178847
F838_inra,73.91716584,71.17481314,71.58248252,68.41169548,83.75564728,77.88510838,70.39900097,70.41242832,72.91097254,71.20446952,77.55630607,72.87126823,73.42340044,72.56545428,65.42590443,67.84756571,68.05949994,66.98723926,65.64799439,66.87478975,70.8193807,69.22257229,75.62603163,75.50099093,73.69447096,70.32572052,67.49778481
F874_inra,61.8919873,63.16835555,64.9071677,62.96989281,75.13693877,69.50837074,63.12116039,62.80327787,63.56004377,65.40398278,65.22782625,63.41582647,63.27493758,63.5719262,56.1511226,58.2842999,61.28427162,61.44306648,57.49192168,55.98434825,63.33766685,65.85738271,68.8541887,67.72934062,69.80316383,60.47135923,61.97087016
F888_inra,67.76095446,67.00233265,68.20782476,65.5578335,78.50877704,75.3361446,70.01719109,68.37368596,69.39462283,69.7622446,72.28444177,68.76164052,67.86994693,69.38078252,65.74595659,65.98227525,65.79218735,65.19716412,59.46748442,59.29656,67.05515538,67.49011789,72.2596256,71.39641791,70.37549034,66.63919698,64.30002732
F894_inra,70.85854693,69.98315856,68.14205052,69.20131527,81.29578691,77.06565816,71.99820274,70.15902994,71.34875625,70.85765103,76.17902684,71.83007853,72.55685171,70.84101806,66.48199046,66.295884,69.58127919,67.07539718,61.28110162,65.31577581,69.19815246,67.32019006,75.44955449,73.22451939,72.75928351,74.69192294,67.49351807
F908_inra,62.32962187,65.31035496,63.41950579,63.2007635,75.69802468,73.15420998,66.57392255,64.7280643,67.81207101,66.67275022,69.86345774,64.84760715,67.92117973,64.37471178,61.71395465,59.76901385,64.85744908,61.42641892,59.24625817,59.81248862,66.16567507,65.31245149,70.41213188,71.0649836,70.39554128,65.78235468,63.27897125
F912_inra,67.8843598,68.78794181,67.97273043,64.02289788,76.37061686,74.54735679,66.34091876,67.36418869,68.15598853,69.16121124,72.633843,68.37614701,69.39809992,69.09837128,64.51942497,64.16473787,67.8906083,64.59113447,61.42672981,63.62719771,65.95788237,64.99570939,69.96403176,72.7421955,74.04866343,66.19576999,64.85339083
F918_inra,71.64069249,70.25960747,66.81036732,65.31317066,79.61040082,76.8665137,70.1141777,69.5846791,69.89836757,69.73590789,73.41172726,71.52742667,70.67359026,67.87987361,67.98903386,66.89972634,67.36658213,66.67947496,59.9531707,60.04785237,69.77334053,66.42704546,72.03059087,71.88591373,73.41789675,70.89899633,63.83500042
F922_inra,67.18672801,67.69400864,66.64029827,64.87129388,78.80432101,76.95536307,67.564756,67.45093009,68.7879366,68.3356866,72.18290228,67.81844046,68.1769183,68.57868713,64.41556161,63.92091348,63.9623467,63.66812712,61.58785691,63.98343719,64.63895293,67.50391563,71.04337781,72.52038861,72.9966879,65.19436629,65.28996648
F924_inra,68.02420533,66.20191138,65.09325728,64.84384027,79.9837077,77.07833952,67.0374545,68.41485306,70.48886982,69.43301421,74.13037468,69.81369468,71.77635386,68.86844517,65.63859884,63.20031848,67.26216276,66.69849491,62.17221017,63.21410057,65.44024766,66.76804755,71.56663983,71.03344199,71.87857387,65.47726177,65.97584807
F98902_inra,69.08285791,67.99889504,68.22088853,65.08290033,79.96246586,73.74932919,67.89140465,67.98206803,69.23366879,69.31549198,74.30970801,68.98651959,71.15631136,69.17254853,65.60173076,65.13198136,66.38230428,65.97714647,60.47313909,60.33859651,67.31203778,65.47012247,70.56120462,71.06804589,71.11135617,66.19795854,63.60018747
FC1890_inra,69.78817074,71.08889211,66.85521999,64.29165221,78.69603552,77.70907854,69.34310366,68.3003761,70.52143468,67.70127554,73.33565142,68.80758801,70.59960604,69.5945097,65.44649493,64.6742071,69.89899858,67.40660941,60.0581737,60.72188674,63.66856958,65.52046206,71.63498065,72.32641864,71.90771394,66.54661152,64.11753955
FP1_inra,63.53254701,68.90125662,65.84747733,62.30221684,78.05593639,74.87036941,70.07557993,66.92756365,66.20225578,68.80412989,70.84393723,67.86816941,67.72987244,65.82103087,63.51824388,64.44674131,66.17283194,64.69038982,57.36144512,60.0702661,66.77570509,65.04169564,70.97877812,73.31228754,74.42601919,63.93724997,65.17008708
FR697_ifsi,70.65329733,69.86729799,69.18212055,65.56169535,81.03701372,77.62206013,72.53856143,69.26699889,69.32388973,69.55320728,74.24352325,71.78330153,72.17001213,71.53852454,65.3404231,65.75629164,68.97310195,67.15113334,64.34004295,65.75309727,68.57153723,67.70833595,75.85996065,73.06711878,72.74448704,68.61441624,67.66122565
FV218_inra,61.17218573,60.02853035,63.33739552,64.07438578,75.78903049,71.54114986,66.9891616,64.36950875,64.62654501,65.97583868,68.14699163,64.11076442,64.61205975,63.68182556,61.01832928,58.92870947,61.76146754,62.4854774,57.70517948,58.29650942,63.49707284,63.64644124,68.8293953,70.10487745,69.48594429,62.73145702,62.76857114
FV252_inra,60.03429545,62.34984192,66.09976626,62.61979349,75.04235818,71.22120941,63.5800821,62.82861388,63.22720454,63.53827598,64.9308402,61.484774,69.54206595,68.08653697,57.22037644,58.58832123,63.07835755,62.41812354,58.00746506,56.85861872,63.29012376,65.00326473,68.66279772,69.87032561,70.97020879,65.15513578,61.64163939
FV353_inra,62.26982839,63.92294282,62.98252788,63.42170842,75.87266115,70.96650257,67.70100277,65.20434139,66.64419846,66.22009691,68.56808228,66.46536942,67.30252638,66.6878183,62.33299511,60.54963599,65.04740342,64.06986518,57.78238724,57.85401004,65.13995354,64.84766897,68.95181256,69.55780107,71.8749939,66.10467,64.43415837
FV354_inra,67.4663519,68.21083621,64.73868245,64.33712784,77.40210096,75.88707022,64.4808184,67.0422665,67.88082726,68.73827313,70.16667884,67.25886692,71.03031,66.97703825,63.21990778,61.48217725,67.67371789,66.34806387,61.35545995,63.5193096,63.90730378,65.00502226,71.67580076,72.42079333,69.69463579,65.59212966,63.27119596
H99_inra,72.81982054,65.62493147,63.14046797,64.28877561,77.03243911,75.29690838,69.55071283,66.92198239,67.21187169,68.36057894,70.98438014,66.96856239,69.8177155,70.69604477,63.15151724,62.72990994,66.89039087,65.60720154,59.97270619,63.31858529,64.91599965,64.96859503,71.34852713,73.25044476,72.62431314,70.50928115,65.92371312
HMV5301_Martonvasar,67.11692924,65.35091368,64.45296461,63.85055662,79.66832926,76.07894375,66.76936055,67.39455087,69.03294605,69.05911049,71.40107474,67.45766862,67.37200312,67.19913354,63.69970641,63.9606538,66.45277786,65.62913205,59.87994362,60.98619414,64.58268248,65.68638311,69.88311041,71.26406364,71.39948102,65.73694821,65.2408872
HMV5325_Martonvasar,69.20217916,66.00547137,66.68169175,65.305908,80.23826993,73.90544133,68.5087622,67.3516262,69.39705594,69.29963454,72.99674529,68.87904132,71.64582304,67.73334673,62.85021887,63.408187,66.71998288,65.76988617,60.62485624,62.58241962,67.22012697,65.73792354,72.33300749,68.64917087,70.32281856,66.02444854,65.13368813
HMV5343_Martonvasar,66.60797075,60.68306361,65.6402212,64.08588922,78.18469619,73.58727665,67.86444393,67.09902928,68.20665431,68.58275816,70.80667608,67.0566277,71.62138017,67.65018746,63.78014676,64.07174305,64.58233143,66.53360885,58.86974617,58.44004189,66.51894113,64.10749775,70.13059179,69.86737546,70.55921621,65.10296986,64.29714673
HMV5347_Martonvasar,65.6111144,67.56433938,64.06329307,64.9786893,76.54404186,75.44839146,65.92210345,66.54556525,65.79958088,66.94776153,73.70846784,67.14300943,66.53564536,67.12101487,64.09399019,61.1500406,66.89324317,63.88057197,61.49134876,62.6731312,64.69170309,63.89432668,72.66367047,70.98505956,72.02115565,65.44444926,62.96392154
HMV5405_Martonvasar,67.78232113,68.42097674,67.2383277,66.39503328,77.85136647,75.75597074,65.36735429,68.4198417,69.65660196,69.07862238,73.22399418,68.76364371,70.90998202,69.30402415,65.2246499,61.1680837,66.76556102,70.53373094,60.36118827,60.34736487,64.4578186,65.92872285,70.82567734,71.04783213,72.71947779,68.97209573,64.38926633
HMV5409_Martonvasar,67.70759895,67.46097695,65.580702,64.67064601,76.80738343,74.07550787,65.83315019,67.44410008,68.0566054,70.11020643,72.67504663,68.84152214,72.46706977,69.90184745,64.75692016,62.98375099,65.90416254,64.47353996,62.22868299,63.84979317,65.82633271,66.13313867,69.91325987,72.94804542,72.79509736,67.5919864,67.71774351
HMV5422_Martonvasar,69.73765672,69.76519132,66.34348799,68.0594825,81.82823047,77.29267433,67.5966978,69.79897609,69.92772208,72.36632936,75.05266479,69.20644648,73.37651881,72.57983105,66.78603812,63.72680811,69.69831764,68.88098604,64.75340863,64.93460811,69.80780719,67.56556018,78.32499254,71.32261788,71.83036173,68.5564533,67.8639916
HMV5502_Martonvasar,70.93836564,67.03732856,71.01787976,69.62332458,82.64293329,77.58641741,72.98451713,71.26475576,70.82450121,72.38804021,78.1164619,72.84880552,73.0913588,70.81875887,68.91461216,67.93780998,68.76271116,67.28694239,64.19374451,66.11298468,69.24140661,68.59575969,74.65754986,72.63505971,72.92301093,69.88131912,66.7763387
I198_inra,72.5378335,70.46894134,66.87879724,68.94265228,85.2454222,78.67038654,75.1397506,71.99482684,70.00148741,70.99657142,76.67988863,73.02239271,76.38605211,70.49094446,69.66612484,70.26738967,68.50867822,70.1853297,66.51313395,67.73995624,73.87845747,69.59453837,79.16586593,75.1208044,73.40753501,70.22742133,68.68088703
I233_inra,71.93922654,70.87227376,78.07405438,73.1479373,90.44056237,84.81409368,72.55895329,74.92234165,73.8581284,76.62612843,85.58643239,75.55826173,74.17298894,72.79137785,72.33195532,70.50561704,71.28854058,71.67108538,67.1381918,68.95190575,75.29564152,73.67716152,81.45954023,73.56329629,73.65116606,72.35537976,71.21257732
I238_inra,71.76840641,72.63290829,72.32718013,70.04609073,85.52592739,77.41501659,70.08169582,70.98553462,70.92783287,69.72101327,75.60928045,72.99477962,69.77632992,73.06433295,69.81539448,66.50127423,69.46343309,68.15678955,65.43757862,66.09204198,70.80096161,68.73433384,76.17463904,73.50462373,73.70004147,71.02776898,67.83425133
I242_inra,68.47584614,70.3289866,69.12587238,69.68921554,84.33982379,79.3825918,69.11857111,70.76685207,71.00069825,71.42134343,75.8241304,71.58555219,73.03395636,70.59936217,67.92194208,67.31039926,69.77336758,65.94414965,65.22793497,67.44440401,73.72789709,69.34378872,75.72432873,73.30591076,74.09439885,69.50232419,64.99770419
I261_inra,68.57888623,69.71076749,68.12672628,69.76678283,87.69978333,77.18141953,69.49676648,70.96800587,70.97881711,70.54694381,75.59566789,72.57775069,73.97613158,73.76760395,68.36957194,68.55098309,68.2180197,67.66444212,65.30038336,66.52009227,71.11913183,70.5981742,74.71148679,72.7584719,71.99435952,70.60142527,73.20612715
I267_inra,69.51387672,69.52450888,69.15060951,69.98986833,82.75158371,77.3781914,73.18194031,72.21813368,71.84189156,71.53673874,78.4748126,73.25273093,76.20976246,75.541217,70.51237173,68.78988033,71.25462702,71.83901361,66.65719324,71.24728796,73.58138114,72.57799718,77.69897866,76.4016564,75.12076882,73.04333044,69.13740513
IDT_inra,67.71639144,69.55704235,67.85622966,68.93400142,82.56313292,77.62141587,70.80569766,70.21207914,68.67515016,69.96653111,74.7469485,72.1397698,70.60029844,71.80217016,69.07022093,66.54212677,69.04826043,64.99154518,62.92236907,65.60994052,70.39404611,67.86414224,74.89328517,71.81555355,70.25518924,70.09374226,67.47555361
LAN496_inra,71.02146918,70.49338136,70.82753769,66.55692045,85.37628399,77.48706036,73.18741772,69.14175885,70.18285147,68.86641032,76.30367377,72.53667072,73.40049166,72.72497808,65.2591952,63.55397241,69.64931658,67.6275897,62.13955925,64.00244136,69.02152806,68.75958989,75.96151412,72.74903935,73.74675198,69.4305167,69.33921465
LH123Ht_usda,70.87126535,71.03117689,68.93663913,72.19597936,85.86247719,77.92407617,70.91404029,72.53301605,72.5374498,74.7812589,78.03604256,72.44720009,74.18626425,72.07205231,69.00172912,68.51604457,72.85308686,70.85827073,65.42678152,62.80708776,72.97254973,70.66916411,74.65268062,72.7648172,73.42243544,71.13867042,70.11455443
LH145_usda,68.70778252,71.69296699,64.0341062,65.20861939,76.57602259,74.51819732,66.96261035,67.26468355,68.48634396,68.1101226,72.71165058,68.54409414,67.82590814,66.69680072,62.15267045,63.33400098,67.04770803,66.86983045,60.15962768,60.24776255,63.43698483,64.84830911,70.70904021,70.75464469,70.47609834,64.45004703,61.81805056
LH38_usda,68.03546363,66.15740045,66.68116159,63.80259754,76.9945874,73.62247208,69.17165013,66.66106624,69.39529085,68.4927689,71.66100585,68.26228738,71.54732517,69.92617288,64.83523824,62.57824619,65.05596287,63.01854263,62.54348844,62.12652175,68.29413267,67.65785322,73.1521905,71.49269167,74.17199191,68.55762541,65.98962412
LH39_usda,63.69309698,63.78749961,65.68921132,64.16403342,76.87075104,72.88222992,67.4439788,65.55934319,67.48586916,67.46392024,69.11600852,66.52576879,68.24357032,66.96115121,62.60046363,59.581326,66.16252926,63.58886697,59.87013235,60.44275397,63.93860771,65.3146154,71.02363948,70.12930925,70.36993359,65.31608799,63.26183054
LH59_usda,69.85722072,68.39351952,68.95848842,67.15860413,76.83771874,77.781649,67.37224565,69.57100372,69.56555595,71.02562406,75.15809146,70.48600506,71.30834613,71.8155052,65.55877741,64.19072593,69.81076393,68.55445112,63.85375884,66.30735629,68.85658371,67.63989077,74.97688185,72.3165872,72.40375562,69.23956823,64.37545113
LH60_usda,71.18237603,72.92562792,70.25652228,68.31844601,86.57138723,77.64405887,75.02552435,71.57588534,71.51728104,71.73504825,77.90785614,74.22659994,72.82065194,72.41236271,67.84974859,67.38985681,71.47741172,69.13682039,66.08827292,66.97208336,70.57370195,68.30895968,77.24357992,72.88767345,73.43823571,67.22440265,66.98465846
LH65_usda,71.75897531,67.51641703,71.49237867,70.16342383,84.03860079,78.16130558,71.37959455,71.22883093,70.63721871,70.16305353,76.11161828,73.08624965,70.4262681,70.93771489,66.93095705,69.05265577,70.8720077,68.93065641,64.20748088,66.14059843,69.86055754,67.97308302,75.64228924,72.82475107,71.00958963,67.62054529,65.93218016
LH74_inra,69.23178462,69.18480226,67.80174811,67.23396328,82.02778957,76.6683254,67.82429637,69.12902294,70.09842681,71.07446846,74.47528301,71.36839118,71.32979672,71.45581433,65.77858799,61.5834502,68.76278449,67.86196543,61.13447123,64.28954045,67.35661788,67.56987559,73.2083098,73.20613336,71.87652291,69.12417261,66.29227098
LH82_inra,67.95399755,70.39172495,62.97645784,62.88445182,76.83226857,75.6671881,67.22659649,67.15472847,68.45976643,69.28461672,71.45045785,67.05003359,71.17253323,66.12087384,64.43867371,63.6211949,65.45059838,65.04656765,60.86396591,63.34844055,64.75142,64.6326129,70.94439962,72.85527618,73.49306604,64.18896463,65.08146031
LH93_usda,71.14613353,71.1056344,72.93217289,66.8355457,85.03412239,79.49460803,71.11454344,70.79684715,71.03899881,73.36437784,77.19178915,72.97244185,72.81680955,69.99586978,66.85298624,65.52638136,69.72778283,68.35490814,64.44345983,66.63808828,70.57553702,69.50866227,75.83572112,73.51800177,71.02265243,70.60181516,67.73025032
Lo1016_bergamo,71.38272986,68.20056352,70.5336042,67.83065285,86.00093389,78.23739457,74.94016479,71.1146328,69.58549332,70.90630828,76.97608998,73.20741496,73.52168655,71.33321933,68.12095543,68.13015057,69.67663587,69.12971397,66.03698694,68.29693466,70.73106818,69.83183429,75.81675003,72.59870735,72.07233575,67.15878972,64.96430139
Lo1026_bergamo,66.82156528,68.23750698,67.60949154,68.40247615,81.25694935,77.33825655,70.52334653,69.50346123,69.79452192,69.91378911,72.7053045,70.53613664,69.81825872,71.68722291,65.13828988,66.08786471,69.54505493,66.88587975,62.82804531,61.48815081,68.12605963,65.39913709,71.6861334,72.40752006,72.58233957,65.07007682,65.04217788
Lo1035_bergamo,72.7675611,68.91430009,70.91591338,71.27810131,87.16022436,77.48062801,73.76435847,71.79909182,71.27555934,72.49019375,78.54041978,72.1060125,74.1905202,71.15540857,68.20572518,69.70198099,71.30957337,69.07127119,63.58088404,64.85516403,71.11454163,66.80293345,77.28663254,71.93761302,71.83923875,70.58869199,67.76889843
Lo1038_bergamo,72.07376446,71.07910608,73.07793459,69.74573834,83.70064751,79.55158348,72.55524861,72.30566632,73.6211242,73.05669528,76.98629729,73.45174423,73.52419672,71.7173181,70.73925719,68.49790498,70.580549,68.87059585,66.99513442,68.40372885,71.95859866,70.90496042,76.27628268,74.96776456,74.20295576,73.09169149,68.6425594
Lo1056_bergamo,72.15525071,71.09449153,75.00458055,74.07507806,88.61015065,80.25632954,76.0784384,73.95374473,73.69145086,76.37173031,80.79806706,75.80211625,74.77377739,73.77783469,72.49075293,67.27412971,71.0089826,69.40947127,66.89221377,68.9562232,73.43322211,73.24162572,78.28031127,75.28292119,72.90846464,74.37361473,70.60390217
Lo1063_bergamo,72.0327759,72.20462929,72.01035508,71.80908264,85.68787109,78.97993161,73.00145416,72.79386455,75.29823563,73.61835796,81.02383983,74.45825986,75.92587101,73.10578393,70.23267943,69.7478746,71.98109832,68.602444,67.74252963,70.04003653,72.63922493,69.04548825,80.58385942,74.51702612,73.40309969,73.3990619,70.07957361
Lo1087_bergamo,71.25843499,75.11835223,70.44684917,73.44651298,89.11558773,82.34096461,72.55895329,74.92234165,75.40447653,76.21975599,83.26141676,77.3815783,76.09995261,74.22034431,71.83975312,71.63275129,70.51896255,69.57193134,68.63977164,68.62549587,73.06614758,72.99068334,80.22706289,75.11834397,71.14015609,77.29403035,70.37588103
Lo1094_bergamo,74.49233669,70.38795077,70.43904048,67.55131715,81.41249128,79.41277232,69.80778627,70.61610458,70.20361698,72.91462874,75.5107512,71.4942235,72.19003768,69.5967183,66.39824066,65.64842043,70.14730412,68.66227535,64.42744206,64.93846275,69.55809221,68.9588257,73.84297526,73.60541999,71.87618621,70.19190897,66.86377563
Lo1095_bergamo,70.90148087,70.72463682,70.07786644,68.84602729,82.47959128,77.97529805,73.11424318,71.18661233,71.01890218,72.13401488,76.33637381,71.53537105,73.83009244,72.43868782,68.82548278,68.51081294,68.77792979,68.19039505,64.3959167,66.06776004,72.42498861,67.48818528,74.01981625,72.93219129,74.38872999,71.2953692,69.2892037
Lo1101_bergamo,66.73576168,65.29556752,67.36771215,65.99331264,79.59419304,74.74108564,71.17248391,68.1483877,68.96868462,69.74832912,74.54044073,69.95746156,71.36651193,66.47165109,64.0142986,64.60599845,65.70701593,65.88769696,60.39077833,63.52461945,66.45137416,65.38216935,71.85376169,72.1560716,72.80896274,69.60749617,64.93612628
Lo1106_bergamo,70.67157306,72.46244368,70.78316338,67.68960881,82.58463504,76.92537807,73.50710362,70.50241489,73.09264179,70.41928789,77.65456489,73.3270326,72.37546526,72.08518168,66.00305768,68.68866986,69.77293422,68.27738274,64.03526957,66.2712599,70.77364539,67.02970609,74.81213551,73.47088134,72.57175893,69.67879693,67.56553082
Lo1123_bergamo,70.99570053,70.30465835,66.3737829,64.88288802,80.21599052,77.20619655,68.7886707,68.68142883,70.10451843,70.11377551,74.18060463,70.78473862,73.33769629,68.38208555,64.64004378,63.9763313,67.79598235,66.98649863,60.04624352,62.55960431,65.63101525,65.7310695,72.44925038,71.61087709,72.73776579,66.69106621,65.27756515
Lo1124_bergamo,69.86594593,70.93072587,72.8350166,67.91859395,83.76416864,77.68611343,73.11237329,70.79991283,70.06266095,70.6602884,77.73294538,73.47481279,71.61906348,71.94507555,66.94310326,68.13316529,69.42976741,68.50358679,64.99847268,66.35068383,71.11621199,67.72199893,76.61449627,72.98102453,72.60396591,70.37600732,67.09271335
Lo1172_bergamo,71.72698631,73.8495447,68.48919799,68.89209128,83.67667798,77.51699918,68.92698794,69.44696904,70.24523213,71.14343919,76.4984925,70.03212183,73.49434773,69.52462402,64.85434456,63.92962876,69.80531724,67.47416085,64.60448646,64.73921071,71.86376788,67.69291865,75.81863895,70.9324752,71.315053,68.41183388,67.56660623
Lo1180_bergamo,66.58272144,70.93872736,65.29989559,67.89008226,78.33907509,74.1317258,67.47056901,67.7271868,69.65458903,68.74864508,73.65711529,66.46752651,70.82838069,70.29294435,64.77118481,63.99742579,66.53714688,65.96091477,59.83980607,61.36414965,67.11012006,66.28961336,71.84785299,72.41918152,71.8054394,66.96566786,64.7790396
Lo1187_bergamo,69.87696971,71.07487732,71.25543823,67.58271184,83.60420328,77.76213755,70.26325458,69.66284006,67.77781953,69.44284058,75.60444825,71.98848847,71.47108141,71.26245946,65.55360294,65.50833817,67.62200328,67.81631052,61.596153,64.57865291,65.75508588,66.31461066,70.86552733,70.89137195,71.03129119,66.51561922,64.99021803
Lo1199_bergamo,71.18826175,72.4415965,69.16552748,70.13946848,84.07153392,77.56415356,71.40754384,70.75660099,71.82322458,71.68753553,75.68641777,70.99768601,71.22441662,73.12316793,68.26730138,65.96009584,71.56888609,68.467539,62.85588645,66.39701601,71.50332013,66.75627923,74.53720336,72.53759258,71.13920458,69.62323362,67.11106477
Lo1203_bergamo,69.99389974,71.73923019,71.40264236,68.11480713,84.37263921,77.67810037,71.6282161,70.25658474,70.87995491,69.60175562,77.56854716,72.13597039,74.89918657,74.13326952,66.55198902,67.20561199,71.0364574,68.29321566,65.80465804,66.28854931,71.23173693,68.32502654,75.06668415,73.22759336,73.36347913,69.14649258,69.2493015
Lo1223_bergamo,69.96939084,72.42499868,71.16202286,68.74013444,81.12780937,77.59887072,69.72946117,70.62375433,70.58498481,72.10854217,76.82705204,72.14260349,72.98694197,72.68822187,64.59937976,67.8726773,70.34888901,68.97374916,62.38351001,64.3809171,66.674959,66.57580863,74.13972088,72.66409139,72.46957417,70.09816778,67.77307401
Lo1242_bergamo,70.66607958,70.92394423,70.66888113,65.73525276,85.15561702,77.82019257,68.19782094,69.29274087,68.36906322,70.36898797,76.39157386,70.78887411,70.85270852,68.63322604,65.93686803,64.46459813,68.33517103,67.58031045,63.79158315,66.854267,66.09414706,66.42104949,74.18601734,73.1385048,72.00019533,68.26555869,66.04511993
Lo1251_bergamo,71.28911418,70.75364905,74.67693728,71.59983635,88.18660671,78.91959206,76.19558808,73.22650753,72.20030057,74.89072294,79.31779546,76.3667091,74.3755452,70.5285342,70.25659473,69.5510325,70.4216604,68.94205642,65.66464303,66.61962528,73.51858545,70.12685095,77.27066286,73.2570142,73.44808238,71.5788968,70.17321501
Lo1253_bergamo,69.81208673,72.22652384,72.92950714,66.87387872,86.31308383,77.26353606,69.89044309,70.75436008,73.06399399,72.20008321,75.75979862,71.82457249,74.0724476,73.31169994,69.43579173,67.17027817,70.0088684,68.30757263,64.28989018,64.10682792,70.31922216,69.24322034,76.99836016,73.84105247,71.67789271,69.96546608,67.50618995
Lo1261_bergamo,70.61029103,68.24496665,69.9981497,69.36108398,86.0315069,77.54204361,71.87792859,71.00449078,70.56973294,72.1693304,77.04319369,73.10702158,72.74924314,70.82299936,67.71947044,66.39465655,70.76482519,68.4417769,64.82698902,64.33482762,69.88568258,66.52470445,74.18496998,73.65507941,71.76681713,71.34938268,68.66274082
Lo1266_bergamo,72.59748216,69.9608442,69.47758873,68.6966751,81.7404619,77.68920615,71.89856721,70.84510125,70.36049078,71.94978505,78.00280964,72.72924645,73.34042323,70.67931229,67.23280746,67.18812275,68.812949,68.20448288,64.96885643,68.20032537,70.42746858,68.3843748,75.69006547,72.89353186,71.45303703,70.63910603,69.56635102
Lo1270_bergamo,71.12659022,70.89741597,67.84768389,70.78863093,87.6621295,79.85431737,74.10559253,72.49817611,71.56913611,73.88414754,79.94884677,76.16866675,73.84090252,73.40904682,69.32672656,66.27713948,72.14676457,69.13682039,66.07217157,68.31429403,71.61900731,69.33843047,78.01119815,74.82113941,70.49119733,72.42705862,70.29566936
Lo1273_bergamo,70.05788494,69.54127828,66.68935269,69.07909068,81.00321392,77.8725592,67.53140415,70.53470117,70.43446524,72.65375154,76.43659268,71.40302734,72.20183441,71.12592964,67.71256936,66.53230309,69.20926361,66.24828737,62.50261369,64.5523968,68.32140396,66.66217518,77.08522532,72.07316702,71.17616532,71.15136442,67.98915483
Lo1274_bergamo,67.08198979,67.64227027,67.53209101,64.58552458,84.14509829,76.25369014,68.8097554,68.95988417,70.17665586,70.83273047,76.62545909,71.48228142,73.101016,69.41595321,65.19354027,65.52409245,68.58677245,66.7019106,64.70866045,65.81419841,71.23171555,66.76637619,76.03365023,72.63837413,70.90664844,71.51614185,68.46030705
Lo1280_bergamo,70.13842458,70.99662305,65.16012655,67.81161033,84.47119703,77.73777075,72.38686751,69.99649333,68.91264981,68.77110983,77.3379994,74.29664008,69.09434001,72.11582027,65.56953313,63.65245745,69.54505493,67.07539718,65.51964255,67.71020637,69.43622318,68.09490056,77.65901338,72.32713181,73.31398249,66.60250201,65.1594675
Lo1282_bergamo,69.82157919,71.65019322,70.68227664,66.80782736,84.31728614,77.2526473,70.49623324,70.83621677,71.59045636,73.16013043,79.33489305,73.92398636,72.19312215,70.4948174,70.053422,61.89523103,68.68219591,70.51084585,65.06057029,67.65428384,72.58809055,69.23335422,78.05533307,74.37632271,71.92024397,72.19702153,67.76873517
Lo1284_bergamo,69.34575872,70.94559829,70.09772755,65.46417928,78.78349847,77.29425216,70.14365195,69.17862329,68.87701611,70.13690914,74.40706659,70.29030728,69.01120883,70.1676273,66.60278413,65.60105525,69.05659438,66.67248244,62.80065323,64.13830473,69.13484022,66.7552975,72.75468186,73.64464293,71.34928203,69.43951274,66.88406812
Lo1288_bergamo,71.15326608,70.91266511,73.50468875,69.08033206,85.82430661,77.50396146,73.68897405,72.0594073,74.28446588,74.91690187,80.35968069,74.83556178,76.40261623,74.43861278,68.0742464,68.63572325,71.47741172,69.28280984,67.27379817,68.61554734,72.1203927,71.31580318,78.97138376,74.84249553,72.82734752,74.57357232,70.29349662
Lo1290_bergamo,70.6503601,72.32026438,67.65543801,69.70128686,82.2981579,77.79666189,72.28930648,70.95224026,71.05387921,70.70633412,76.60258321,74.06566649,73.16824076,68.50139194,67.29046479,67.17964917,69.70068977,67.70896753,63.77257311,65.57764701,71.04762688,68.0234569,76.09276008,74.47084135,73.43001084,68.99415854,69.29081988
Lo1301_bergamo,69.85036137,69.54306861,66.44983452,68.08040099,79.90070515,78.02048932,70.08332692,70.11628839,71.91472109,72.53598309,75.78494236,70.16306536,72.00414315,70.78292528,66.18993307,64.91871378,67.884651,68.62221718,61.95573466,63.63543114,68.4825362,66.39411718,73.29531536,72.24179332,76.01004148,66.79391824,65.18942485
Lo904_bergamo,66.68987863,69.59895946,70.09118677,68.76381713,81.47042083,77.40108368,70.74939879,69.63586728,70.35770845,70.28576683,74.86184505,70.15464079,72.44484201,69.26645786,64.94137047,65.85233985,69.62159236,67.89931078,62.78611719,65.58688597,70.527114,65.66413251,74.145432,72.89548973,72.91511821,67.66626395,66.72164832
Lp5_usda,66.90954944,65.16049805,63.1310006,65.52420968,76.53613778,73.2770692,66.85967051,66.65587986,69.3890429,68.43582864,70.02399249,67.57218458,70.49992369,66.50734828,62.43875926,62.89033418,63.09761172,64.30370113,58.84652124,59.47267878,64.59849579,64.46480037,69.0603196,71.75248354,68.99495695,65.25727444,63.27119596
ML606_usda,65.59737364,66.11184435,64.12426361,63.40221379,76.14198876,76.48595847,70.33120245,67.25190798,68.62352354,69.18517257,72.80822796,68.40965484,71.32514639,68.70790231,63.96447076,62.98420694,64.97603059,64.30868634,60.92092972,62.114576,66.16097249,66.34035477,71.07326588,71.80313021,70.59628318,66.2957956,65.0473734
Mo15W_inra,71.09678565,70.81816548,71.72995428,71.07800064,86.94984386,79.17134146,73.19892279,72.53029394,72.62176269,72.80517245,78.39267647,74.01981474,73.7001921,72.87316325,70.08373668,68.32614264,70.42081949,70.07108483,65.82532632,67.29489492,72.66400377,71.58713091,78.6578437,73.72280112,73.77456415,72.7065036,68.74751019
Mo17_inra,69.5310737,70.27565699,70.22017035,70.29053666,83.67044059,78.74432082,74.0774955,71.59967606,71.16078622,70.32442139,76.18198049,74.50166603,70.99101875,70.22820094,67.81148006,68.39048884,71.16635859,68.88361218,65.45889021,66.10578986,70.28461316,67.37348401,75.99366844,72.41132634,73.60766095,66.83873874,66.46297844
MS153_inra,64.63496116,67.69178859,64.02581715,65.04578775,77.7705815,75.44832898,70.34516505,67.1768356,68.86191591,69.27234817,71.48220347,67.37695716,70.99452863,69.61562942,63.65773258,63.61232501,66.39578702,63.81977127,59.17938325,59.77773495,66.05899383,65.14465916,70.57921452,70.70336704,71.18158742,64.63151449,65.34188893
MS71_uh,66.6100686,66.60798136,65.35995396,65.63491431,78.2996819,74.85237896,69.53294984,68.42952533,69.02931083,68.02321943,74.00794075,69.56226673,72.06946468,68.55321547,64.74534185,64.35056312,70.29759698,69.75330713,60.6767214,61.31206063,66.50237071,65.15134102,73.81172448,72.38146104,72.05054773,64.04687801,65.14986984
N16_inra,72.61161685,70.87226467,72.77961463,70.28184685,88.29369152,81.20505461,72.08367138,73.29106601,73.65104659,73.41254677,78.15311198,74.17414645,73.87013184,71.36785674,71.1011811,72.17058514,70.68593769,68.57279991,66.094402,67.91620248,72.29098163,72.69240003,77.61567679,75.20833917,72.55251829,69.12031811,70.20769476
N192_usa,68.42072116,63.27487029,64.32407063,64.21346733,77.56897235,76.05576605,66.56825212,67.09077107,68.36587788,68.60827642,70.87644616,67.91086794,67.10388847,64.34510298,64.25652845,62.02665394,65.61537271,64.55687357,61.31498095,59.54418161,64.78539526,63.90038842,69.34770925,72.54356705,72.67923697,64.70883566,61.76352932
N22_inra,70.90260694,73.01872659,68.74868528,67.8686084,81.18718901,77.48989678,72.74515822,70.81902885,71.11959337,73.06609771,76.54422736,72.92291281,73.65951475,71.17354609,67.09979302,67.96697088,68.76448341,67.03270157,63.3714016,65.51869555,70.37971138,69.46172119,75.79894077,73.22922965,72.71804805,69.6445834,68.9261158
N25_inra,70.04858813,71.50840383,70.93275,71.16773436,86.62989494,78.65597667,78.56372732,71.68083518,70.58492648,72.51708258,79.2199669,72.66424941,71.0663303,71.66748575,69.37413205,67.15372559,69.95834762,67.88508883,62.81370689,64.3292969,69.27900255,68.73216189,75.28979489,73.45247631,69.5937659,70.54474821,68.62277042
N6_inra,64.12092345,63.94467671,72.98668519,66.2642082,77.95972352,75.8263995,69.59577951,68.62952723,68.50705341,69.83075889,73.62341233,69.03438207,73.2156729,71.34454768,66.28682881,64.0887959,68.11517951,66.77919221,60.4489273,63.20264343,67.34999116,64.55665646,71.87854825,71.73889956,74.26970814,68.72312574,65.06534474
NC290_uh,71.27660668,68.30066305,67.31655078,65.79794459,80.15083509,76.95082961,73.8494496,69.42979273,70.79737107,69.95522786,75.49526718,70.63906075,73.65758165,70.70163592,64.70765425,66.98567763,68.92102792,68.73434654,63.52137176,64.78204384,70.02729441,66.25498747,74.22136805,71.35977509,70.20754729,67.60764677,68.9654109
NC358_uh,69.23814533,72.18716547,69.52054584,72.55966067,85.60598181,78.27359238,73.69008702,73.55511967,69.93139718,71.7537747,78.36787235,73.910072,72.48086016,73.07251006,70.13670828,72.31367374,71.28854058,71.83901361,65.99474884,63.14361536,71.61406171,70.11991377,77.62528336,73.75251892,73.38251905,70.55395848,68.49730791
NDB8_inra,61.39911589,66.72356374,63.00100999,65.52557325,76.05062281,73.44268994,65.08823986,66.24012839,67.57765937,67.17424902,68.88388535,65.93136093,71.60858889,69.12777503,63.73083788,62.74691213,66.87602713,62.908147,58.99723242,60.59170472,63.64573097,64.74832781,68.19768868,70.95458562,70.54671241,67.20104023,64.66442004
NK764_usda,68.39196144,65.48470301,64.24899079,64.87073048,79.44405836,73.49058035,68.44897229,66.33988459,68.23062325,67.62651998,70.56215061,67.41942037,66.01557549,67.44681507,62.28175527,60.99752811,66.82547008,65.63952824,58.37464677,59.83537959,64.59995405,64.07191135,69.95946856,72.93094573,71.30792369,63.78607602,63.46299578
NK807_usda,64.10147255,68.27179096,63.63589013,62.99007308,76.3196472,75.02194703,66.74676011,66.01242285,67.28400217,67.88128863,67.62007761,65.29709479,70.26767232,65.46743889,61.2790463,63.45779531,64.44846741,64.06086407,59.03102113,59.03164901,64.89443873,64.52463442,69.72188421,71.62070894,69.69022947,65.83429646,64.7767508
NQ508_usda,67.88676733,70.82991088,68.69149132,68.6213831,78.49169962,77.19401836,70.33014062,69.82531732,69.6625106,70.38303158,75.65829419,70.7646418,70.77192269,70.14550139,66.47253672,66.55602857,67.7793703,66.59287161,60.73508721,64.17798709,70.04450437,65.9400833,73.40678542,72.15902087,74.60666602,68.15939973,66.04169161
NS701_usda,66.81219675,69.55473255,69.94896978,68.95038324,82.98959758,77.35095211,68.12482456,70.23396962,70.9663788,70.18362274,75.69727417,71.99401437,73.02396885,70.39733415,65.70809498,67.53790584,68.94958519,67.64798197,61.7065844,63.5860534,67.40379458,66.02510258,72.20074264,73.22166305,72.21923546,66.89756729,66.98816851
Oh02_inra,71.87892633,70.3782423,72.80859521,71.03512297,88.5333407,78.16172579,72.08367138,72.53301605,73.43907466,74.02201768,77.79282105,73.61814187,75.88647148,71.77653665,70.16216318,71.24622416,69.54779262,68.84688933,67.05582232,70.3586073,74.39006406,70.59739209,78.15469329,74.88029628,74.230101,71.92159343,71.02309968
Oh33_inra,66.56662613,71.49163546,69.05521646,65.70080407,82.83703986,78.34098474,67.38307854,68.80198603,70.00354214,68.66746005,74.89495869,68.78867346,70.77083014,69.51399823,63.9122955,65.35550407,68.9534147,66.98723926,61.50210327,60.47667509,65.22014128,65.08748417,71.96869192,72.13364235,73.38401627,66.21036793,65.33286175
Oh40B_inra,67.44345455,70.39764171,68.64667488,65.17355249,77.12153075,76.91647077,70.95201171,68.08724088,70.21479061,69.78969844,74.34414185,67.71970383,70.52658336,70.60747656,63.76518017,63.69840764,69.57921213,67.4065894,62.55872169,66.26216442,66.94023689,67.71541356,72.06418295,73.00131235,70.18728364,67.78653958,67.4390418
Oh43_inra,61.01368194,67.66036526,67.31125453,67.11729419,77.55699456,74.17456773,67.36992003,67.86729512,69.3621466,69.25522759,70.94793888,67.57446202,69.46745278,66.60740683,65.04411778,63.72497315,65.66040277,66.08579516,61.60561597,62.93463572,67.24526055,65.84656649,71.8287246,73.27040134,72.0593249,65.76884793,65.57322413
Os426_inra,70.7033284,70.19954186,70.18906369,69.38641057,83.1739069,79.28306236,73.05349703,71.22580551,71.11926679,71.19990215,76.32624185,72.79665492,73.82515927,73.98622229,68.11422732,69.01941464,68.56881567,66.68710035,65.38696951,68.53820449,71.3604142,70.24108968,75.99101299,73.11646326,70.96306691,73.18678568,72.81335545
P465P_inra,65.13170613,66.8767994,65.67966899,66.55617644,79.90555065,77.23686062,70.94184904,68.56554476,68.44341645,68.93838247,75.11744132,70.97609839,70.80624163,69.62561712,63.86434064,64.36735052,66.37493972,65.89385937,63.97672004,63.62598588,70.48748215,66.28537491,71.93316159,71.84951971,71.53357239,66.34363309,65.3935342
Pa36_inra,59.98860541,61.15114262,62.21247013,62.64824484,76.45476029,71.38444149,63.91432444,64.02309098,63.52662982,66.3869132,68.23556249,64.02493102,67.75101924,64.70278668,60.00479554,58.79783499,63.49825011,62.60381628,60.02655474,62.14316478,63.44574291,64.04947596,68.91772747,70.82402201,69.99609736,60.14966459,62.64266326
Pa405_uh,68.09913889,66.94689595,65.54831258,64.45870474,76.87255468,75.50734611,69.94235578,67.67472713,68.33858253,68.99849807,72.68240415,66.846776,68.71519599,69.29172315,65.67129223,65.73463353,66.48666743,64.48409817,61.26794216,63.32623191,67.63519011,66.0265097,71.54112227,72.20588971,72.07527482,66.15778982,64.90562174
Pa91_inra,72.04332407,70.98969621,71.21752319,70.52990377,87.03780766,77.51363497,73.45022514,72.89407329,72.12462872,72.40763812,77.21990341,77.49853964,73.37594218,71.94534898,71.79990718,68.1183722,70.21728603,70.04277791,65.85755792,69.17835493,72.4100585,70.97970894,75.26078474,76.47561766,72.76361635,71.11177632,70.24940581
PB116_inra,69.47780409,66.75253877,65.28323472,67.09397282,79.75727482,77.26201071,69.64444485,68.88543102,69.14333765,70.20456067,75.06602127,70.04174169,71.15184236,69.91261301,65.26878104,63.54921527,66.08077912,66.63800473,63.90280923,64.7878213,68.65467167,69.15573978,73.48514789,72.78807251,76.06694989,70.48108809,68.45417392
PB98TR_inra,68.08214095,70.9370573,68.49727118,68.45409131,83.88010035,78.25009953,73.51402462,70.7543701,69.3752913,70.79953102,76.23631368,74.55129446,72.85439552,74.67659693,67.07152831,66.91768238,70.06404199,67.12122594,64.07528466,64.07127914,72.46658701,67.77221533,75.64946134,74.31594994,73.65279334,68.38728402,65.18656352
PH207_usda,60.83805548,62.98537464,62.85473836,63.49128243,76.46169846,71.622745,64.99022301,64.94590526,66.77204369,66.40091245,67.56015938,63.97685268,65.23852843,65.56421398,61.99084134,61.40378522,64.27902841,63.43195955,57.82134281,59.77394456,63.72725167,63.73876526,67.82843126,70.53084059,71.17830364,63.37021737,61.72425432
PHB09_usda,69.81283705,69.61615222,67.58985514,64.92332346,78.27469706,74.68330592,70.28380155,68.31605809,69.63569848,70.93440429,73.74644635,68.51741798,70.5779281,69.92088755,65.08224821,65.47230467,66.64032387,66.30228216,63.49319817,63.97412449,67.00053434,66.67683428,72.95011796,72.23151962,73.65925307,67.82577589,67.06279393
PHG35_usda,71.15334957,69.64146822,70.08849838,71.59361272,83.39440297,77.61896487,72.03387434,72.26326686,72.43444982,73.2358606,78.75007761,74.39870643,73.14154301,73.82034211,69.36499855,69.10033644,69.88035294,68.32046855,66.02326898,66.41325459,70.94926091,69.33737093,73.86022742,72.85473358,73.34228346,72.23488765,68.88304892
PHG39_usda,69.91773382,71.58043894,72.5695422,65.98026079,82.94521868,79.50546804,74.72180153,71.0689526,73.31667405,72.81670011,78.65168372,73.28225593,72.48034538,73.48129838,69.00491018,66.0246811,69.31140694,68.62944198,64.4277537,67.91453865,71.60392585,70.47707998,77.3098806,74.73544367,72.17377814,69.52041959,70.25342454
PHG47_usda,67.76217235,66.90411145,64.13378089,64.71325671,76.95045846,73.66587188,68.59413671,65.99774698,67.60630087,67.61382925,71.40410394,65.43921504,69.78578392,68.07179416,63.7059203,60.185905,65.5718704,64.5570628,60.33185222,60.41439581,63.86541013,64.63787424,69.72380305,71.7344292,71.22662478,65.93038481,65.33767477
PHG50_usda,62.43352437,62.42941555,64.2953436,63.3380454,76.30352834,71.80961728,68.11886678,66.20836322,67.36595117,67.91339024,70.75743054,67.51819452,70.40190405,67.28448596,62.4644344,63.03963509,67.66516896,65.30555458,59.02137868,59.99282714,64.84469136,64.78869221,69.17638131,71.04046636,70.66730144,67.12206377,61.95985514
PHG71_usda,65.04223263,68.34745837,65.68873165,63.54000187,76.18143885,73.53866766,66.05933525,66.34313416,67.61638187,67.97915053,71.67634619,66.77316243,68.19103452,65.54113038,63.53168235,64.32101484,66.71410263,62.60330957,58.54885842,61.13279515,63.48198449,65.1339954,69.87253117,70.04133973,71.92923855,64.81904032,62.55162332
PHG80_usda,72.84220244,71.88187684,68.02334564,66.1962581,78.0978291,77.47136474,67.75002657,68.75208474,70.51133336,70.3475561,73.21391471,69.49098908,70.96632843,71.69141933,65.0487856,63.24838286,67.17877785,67.26478014,63.77951462,65.31137338,70.86666354,67.40530006,77.38167676,72.44788045,73.51709107,72.0759001,64.40043385
PHG83_usda,68.01555682,70.27695075,68.38592316,67.09060572,80.55769351,77.16071796,70.30134954,69.62424137,71.1521,69.92500417,73.67457442,71.69385544,71.58974529,68.43583073,67.31257264,65.42021426,68.25345861,66.55855375,60.62988144,63.15543855,68.86085129,67.01450745,71.65867886,71.80564846,72.87178538,69.87126628,66.15927727
PHG84_usda,70.69991062,70.52360319,70.63457718,68.16983202,86.33175161,77.37145741,72.34890029,72.31806262,74.34482409,74.97509491,79.44070688,74.63565343,72.5905793,70.42820152,68.36817676,70.41031577,71.08599645,70.23914332,66.99196669,67.90994065,72.05351874,70.39846023,77.96434957,73.03718913,74.89715168,73.68568528,70.42041658
PHG86_usda,71.2682399,71.57424442,71.43319638,69.15803022,87.01559547,78.25102575,69.15285485,69.87760902,70.862355,68.23554672,77.60006192,72.86577457,73.25531092,70.53266938,65.8301498,65.79404483,67.93219343,66.86063912,63.33096243,63.97248045,67.94718697,66.89433431,72.57262176,72.85764855,71.07581418,70.99396287,65.11776161
PHH93_usda,63.52559837,63.63886611,63.1434069,62.75078025,76.84739097,73.20032288,66.33637334,66.8920692,67.87996225,67.74219617,70.92788796,68.25192698,67.93456865,67.76381289,64.67485384,63.79901077,66.3851755,65.66534004,58.63917862,59.51973432,63.65364193,64.39429693,68.07937112,70.74209213,72.59739351,65.45101101,65.21103861
PHJ40_usda,67.1877187,68.25381663,63.71528373,64.85604529,75.87360092,72.46762451,66.03835897,66.3348612,65.39496191,68.26818198,68.95989775,67.45548634,68.6740652,69.20189032,62.59378099,61.11003731,64.26055804,65.4964603,59.55718328,60.83554089,63.59769199,64.46824973,70.7867389,71.63083642,72.61522288,64.08402023,62.38740643
PHK29_usda,68.05264675,70.99109805,70.12476403,65.40996953,80.79605392,77.10643697,69.11965801,69.57692644,71.21556024,71.49083868,75.08511622,69.96424013,71.99401043,72.29097903,67.42046973,66.86356722,68.07152984,66.44697055,65.11371767,65.68509401,71.16488815,68.61174699,76.32842941,73.07006855,71.14198004,70.32500658,65.12517507
PHK76_usda,69.45048129,72.24304001,70.63870523,65.71399245,81.28084241,77.43441923,67.26004486,68.59702102,70.12466505,69.18140529,73.69697058,70.33142197,72.60416306,70.92549905,65.00403507,64.0340637,68.97139951,66.45765126,63.84055699,64.52719567,68.00435134,65.93942895,77.18314842,73.49517411,68.85798308,64.87412941,62.74989929
PHR36_usda,66.98651721,71.10460599,67.3179321,65.93791615,79.86441651,76.23658903,70.03975829,68.43863971,68.99617732,68.71428929,74.01385521,69.42102025,70.13521459,69.70913297,65.6484344,64.26805663,68.71021372,66.81298445,63.17195995,63.4430887,68.4534531,66.18821798,73.17801899,70.59023951,71.86204082,66.68261462,66.74801154
PHT77_usda,66.89601106,68.31065318,67.5764072,66.99635952,78.76113223,77.12594424,69.55754668,68.99439816,70.16135519,70.92606194,73.0326747,68.85845019,72.27826503,71.07860307,65.44611261,64.93155058,68.63896472,66.43808628,61.4538604,62.81949228,67.74543768,68.34477955,73.24996103,73.80929309,71.85451651,69.88747994,65.15845014
PHV63_usda,70.42936376,70.75034416,71.0130637,67.54434323,82.16402846,77.4375462,75.18926419,70.54548916,71.73349882,72.06527912,78.15251317,71.84147953,73.21343595,72.11657718,67.08939775,66.72770795,70.41985025,68.78333979,64.80057113,65.35715446,70.50692492,69.03223167,76.64231654,73.06569393,70.43758784,71.23140418,69.24285989
PHW65_usda,70.74030588,72.98528937,72.11611848,70.93710572,87.48905834,78.28567003,72.11294263,72.09771889,71.2460805,73.81980789,76.7469063,73.63007361,72.60324766,71.39221584,67.95092611,69.95410295,68.58655911,67.92845568,65.65228216,67.50524406,69.90842878,69.62726464,74.63054748,73.23791816,73.24777984,69.54500165,71.43748412
PHZ51_usda,70.7797797,69.72167287,73.04856876,67.79306495,82.49853744,77.36217885,73.35718222,71.18033092,72.01657603,72.59800251,76.74937489,75.5321057,73.89644637,73.03062978,68.08466092,66.65579,69.22246644,68.06123017,64.90656595,66.09451583,69.26599938,68.61839186,77.40149475,72.65347045,73.52494163,71.78841903,68.2392894
SC-Malawi_cim,72.43072864,73.57659236,78.00093923,73.52423942,87.37973322,81.40567157,72.65611506,74.39437994,77.75719199,75.28444933,82.97573017,77.26370866,77.02617767,74.54120069,73.43307279,65.77560555,72.7335855,72.03188376,66.95404341,68.64242748,76.39120138,75.20215296,81.58566206,73.76028794,73.06493214,75.95132273,71.93248823
SGI061_ifsi,67.65006361,68.46235854,66.55712185,65.94336389,78.01800937,74.48359429,67.64487427,68.45386868,69.46836657,68.6493522,73.94126782,70.47773253,72.06848176,71.51158312,65.69722591,64.75844201,66.52767454,67.14431545,62.92556339,63.3382206,63.94330674,66.15677017,74.34068405,72.03292502,75.51155506,66.9359313,65.41764916
UH_2500_uh,66.45174355,65.4386632,67.53560008,62.97243661,76.78180076,72.90270179,64.36636294,65.94327221,66.74511065,65.9145036,66.95801232,65.4669209,66.35681538,64.52351655,63.49534673,63.29457338,65.99229872,65.19670777,60.28324288,63.54244925,63.97061989,65.75541722,70.79584467,71.65210184,68.973723,64.75217711,65.11534659
UH_6102_uh,63.16878394,61.89046539,62.00896739,63.77942919,75.09225053,72.71251784,64.75366183,65.19026573,65.67313793,66.21495032,65.71585011,64.66253057,65.89746876,64.15394745,61.59399229,61.65506178,65.62261973,63.35943858,56.98953889,61.47676843,63.40082183,64.23843337,67.39511623,69.65497247,68.74298523,58.46798536,61.85348554
UH_6179_uh,64.79293277,68.15812001,62.91922601,62.66389041,76.46926262,72.1578564,65.73403569,65.35308181,65.72066312,67.12418609,67.85914919,64.34865104,65.50200474,65.48792388,62.3247971,62.67037779,64.67102542,63.91996081,56.92956851,58.67370501,63.40795257,63.76084688,67.75616838,71.02688213,71.25028673,64.07252258,63.24192322
UH_P024_uh,61.04527446,66.25045556,62.74354862,62.74216893,75.94647775,71.9751698,67.13216683,65.47918521,66.14731476,66.00442528,67.65344781,66.54121925,67.46671731,65.32177381,62.68925022,61.77866886,66.12418966,64.2343989,57.03882685,58.34886847,63.34356731,62.52157161,66.62368303,71.96117366,71.03580737,63.36210634,62.18288979
UH_P060_uh,63.61417965,65.32225244,63.23348028,62.88795726,76.03253093,72.19572481,66.96772858,65.67651314,65.2004384,66.80476956,68.12806682,64.69847757,69.16158093,66.16513111,63.03482092,63.21349897,64.1246248,64.55830001,58.04804312,56.02420465,64.30531516,64.3907296,68.95869196,71.97358717,73.32343319,61.90739169,61.5463258
UH_P064_uh,61.8446728,65.44043768,63.77492545,64.90728498,75.7947972,73.13576196,67.55221857,66.19041489,67.47476841,66.99629134,69.26149857,68.27795313,67.52531183,66.93298925,62.65272118,60.55303184,65.54826368,64.5410299,59.93300714,64.73724447,63.62006728,64.04177607,70.12600932,71.25640558,70.28633833,64.34244438,63.48159109
UH_P074_uh,63.71728597,59.97957404,63.61454085,61.76600573,75.33593094,71.23488672,63.88146791,64.06524081,63.8270135,65.55537667,66.99522439,63.13595342,68.1682752,68.27058294,60.27871522,61.37109848,64.4748243,62.73512776,57.74777059,57.42854079,63.49068042,64.82469699,68.16786139,70.61857048,70.99349004,64.24688797,61.6837289
UH_P087_uh,61.74892014,59.94220039,65.42190182,62.84426936,76.57840103,73.55427979,63.87083327,65.70811242,66.30629788,65.480157,68.96697262,66.49529969,64.90401103,64.988447,61.97498069,63.09240913,65.51402876,64.05152103,58.22511355,58.26319448,63.49168199,64.70672708,70.23457348,72.16755117,72.46376417,62.67283023,61.74227062
UH_P089_uh,66.62033383,68.17941721,63.63918816,65.27798537,76.47901527,73.13936765,66.67053175,66.5366273,68.71525864,69.35932033,70.05134721,66.81678691,69.37912297,67.07898049,63.63972692,60.13962058,65.16411453,65.37078698,60.18863064,60.54630477,65.3069434,64.96695085,70.91474558,70.7536242,70.99616324,66.28057482,65.79981873
UH_P104_uh,60.99847794,65.30421293,64.1292945,63.81263763,75.62205232,71.67099585,64.78847698,63.58813873,64.52600585,65.6359001,67.24951473,63.02586844,65.85269037,62.18849374,58.4370325,58.88849497,60.33619588,61.16724691,57.47547423,57.77897715,62.82825174,63.33473946,67.26265812,70.34859323,70.52714111,61.43441802,63.4794341
UH_P115_uh,65.15825812,65.49255002,63.23835437,63.12303278,75.6668288,74.42448247,65.48277189,65.53780423,66.9821956,66.29321339,70.44377639,65.97124001,66.87470678,66.60937093,60.90807815,60.61152478,66.0344959,65.07910573,59.70164226,60.5884757,63.58713686,64.33865475,68.89208497,69.81613646,67.3750013,64.02189118,63.4805324
UH_P128_uh,64.81880742,64.56525159,63.64510232,62.84335022,75.74100219,72.15825249,65.30236149,65.92719503,67.2221414,67.30946198,67.76250224,65.12795958,66.82152285,65.82834837,62.61266281,65.17039556,64.69390175,64.171977,57.86791941,59.8001131,63.14386833,64.8226409,70.09467361,69.50441024,68.2721861,64.93396672,63.09775538
UH_P148_uh,66.65049012,63.82462431,62.65019327,62.16858769,75.94866495,72.24272785,66.33803118,65.27043972,66.8250642,66.809325,69.29375038,66.67244752,63.90667031,67.48137482,63.05914731,61.10149242,66.01201267,62.69070413,58.26849058,60.54099423,63.11856005,64.59213101,67.8459053,70.20668434,70.54761064,61.66737704,61.55222477
UH_S018_uh,67.71999147,70.46102466,66.40592196,67.14915843,80.24367118,77.6783095,72.03887741,69.42285943,69.17344757,69.55583451,72.84685199,71.22670391,68.98125197,68.13281897,65.40953444,67.47013637,68.74604187,65.3547789,62.85181024,62.48912321,67.52638675,66.94033769,71.45481896,73.48521083,74.98958615,65.12316362,65.21857684
UH_S020_uh,66.7834268,68.64824079,70.32941756,67.87103081,82.74355871,77.95581188,71.44185928,70.83162065,71.81956783,71.2065262,76.82469663,73.49720953,72.16082627,71.29391124,67.63040257,67.26450122,67.69660664,68.16361502,63.98242819,64.76490044,70.50362672,67.65886435,74.29786532,70.98104052,69.70580457,69.36434954,69.25812837
UH_S025_uh,70.46914529,66.90851658,65.1455164,63.40896607,76.52512344,74.81706143,70.15663386,65.75109027,66.18461255,66.35729837,72.89227426,66.21584116,67.03158875,63.38684323,60.53359463,62.82844023,63.76239558,63.64145901,61.4959502,59.92452934,63.74273729,63.99961843,72.07280997,71.76454211,71.04174125,65.27119636,61.59464655
UH250_uh,65.34813865,63.37668997,63.00886604,62.61148754,77.3185758,71.84170627,63.60724679,64.52090006,65.79737913,65.96351141,70.89407272,66.83094639,66.20955359,65.04133645,60.22705822,59.43166798,62.14969077,62.27153743,58.41944539,59.37446442,64.10541685,63.85841261,68.86786843,69.32669024,69.58675321,63.69873698,61.74403939
UH304_uh,62.26957226,66.89439375,63.210913,62.27687473,76.44867561,72.98356614,63.42212487,65.68463237,65.07549136,67.59577481,69.52696263,65.5645814,69.53041213,66.88111,63.58222328,61.77712438,66.29364437,63.90702361,58.08711816,58.1089091,63.28679904,64.19315092,69.19163729,69.38406647,70.3073475,65.5694527,62.49266463
Va26_inra,63.81395135,68.46177326,66.58638882,67.21199595,80.90167899,77.26595586,68.83716868,69.5127921,69.75606883,72.55548635,76.47307267,71.02111712,72.22398419,67.53030469,64.95168652,64.32831594,66.55579467,66.98967196,61.12171255,61.95278002,67.06745243,67.03883736,71.41683392,72.07637846,72.73054006,69.13128803,66.81302319
W117_inra,60.74235683,63.93057003,62.53429748,63.32865006,75.0475089,70.22761394,68.07158873,63.41946407,64.82281718,66.56088176,65.3724732,62.90881729,68.70699744,65.58120119,59.95141026,59.2160175,62.84968878,59.42839108,59.06568188,59.11905145,64.51236525,65.42307288,68.96020987,71.75420308,72.11261998,64.50688468,61.08573529
W182E_inra,61.41391554,62.6924953,64.0376304,62.00541642,75.3482462,71.98447545,64.72903557,63.98542011,65.94774077,67.52712035,68.16840291,62.7750655,67.41032914,68.11436269,59.56282241,58.72463381,59.73562223,63.18486863,58.56248896,57.80015334,63.29798208,63.39704154,67.75787069,69.90754957,69.6481873,65.61340593,65.42979606
W23_uh,64.15300336,69.07059626,64.26084191,64.76058707,79.75626993,76.4323171,70.02246288,67.61472508,66.89781139,66.89485866,72.69184209,67.92595289,70.75956783,71.3560608,65.59489305,62.15488541,67.45217332,67.34038679,63.00675017,64.90769175,66.98029793,66.4991066,71.31127118,72.16932223,70.35770561,64.95536705,64.23286019
W602S_uh,66.65217957,62.32670771,66.49661451,66.00117598,79.58178017,75.78318944,68.36003927,67.21452728,67.11984809,67.70998971,72.76067423,67.08706164,69.85905263,66.59906901,63.1178414,61.28883723,64.26055804,66.08042044,60.20399933,64.63012477,68.86661969,66.63165802,72.06115185,74.01332323,70.86524347,65.14716335,65.11939092
W604S_uh,71.54232701,70.35789072,68.63435517,65.5073384,80.38324957,75.76055118,69.84316651,68.69572094,69.81950601,69.71860607,76.82412511,70.4472906,73.002391,71.65876532,65.77054618,63.54888766,68.43075289,67.85080884,64.34765739,65.34272076,69.95604738,67.2527818,73.99275595,72.72085219,72.14721311,70.50464488,65.99520151
W64A_inra,63.8875572,68.370149,65.82250306,66.65045347,79.7678462,73.89782006,68.68476875,67.29140807,67.54848991,67.35925609,71.11136567,68.05716798,71.70954178,70.12183646,63.93787636,63.66206338,65.51050114,65.2432793,60.6552474,61.08433383,65.98204687,66.35209428,70.84022427,70.23033094,68.3184925,63.79632214,64.73946939
W9_inra,61.06922522,71.088331,62.37604948,62.99524682,75.29118544,71.30966646,67.01034096,64.663964,65.87260187,66.16178772,68.52874497,65.0088678,70.13097773,68.24512003,61.41818154,60.39911259,62.02508888,63.02681476,59.58414028,61.77838808,65.12222717,65.74758534,69.86870585,72.44038224,71.07439194,64.65844481,64.37916273
W95115_inra,62.31372685,63.30458894,63.67800204,65.57198448,76.23315697,73.27169009,68.0728264,66.51063083,68.04942008,68.24854761,69.16835269,65.40027717,71.21043511,68.72403241,63.18761523,63.0570514,65.96779686,64.81142857,59.65315652,61.99778895,66.01794606,66.84079367,69.71515942,71.13329131,74.14958941,65.71267856,65.2689107
Wf9_inra,67.3544259,69.60544499,66.53455051,65.89709561,81.57558393,76.47134079,70.44693947,67.96084075,68.98663672,67.14067466,73.21846789,68.09965494,71.80345045,70.08126042,65.97377453,63.96097542,68.28390698,66.03977699,60.86794959,61.82397464,69.81204855,68.87424401,71.638221,72.17963782,73.62611079,68.99617172,64.96491383
