snp.name,Chromosome,Marker_Position,type,Trait,effect,statut
AX-90597453,3,159743301,Eff,Gra13W,0.294,new
AX-90597453,3,159743301,Eff,Kar12R,0.382,new
AX-90597453,3,159743301,Eff,Kar13R,0.56,new
AX-90597453,3,159743301,Eff,Kar13W,0.502,new
AX-90597453,3,159743301,Eff,Mur13R,0.268,new
AX-90629633,4,16418312,Eff,Cra12R,0.183,new
AX-90629633,4,16418312,Eff,Cra12W,0.303,new
AX-90629633,4,16418312,Eff,Kar12W,-0.337,new
AX-90629633,4,16418312,Eff,Cam12W,0.336,new
AX-90629633,4,16418312,Eff,Bol12R,0.322,new
AX-90636164,1,280572987,Eff,Ner12R,0.204,new
AX-90636164,1,280572987,Eff,Ner12W,0.218,new
AX-90636164,1,280572987,Eff,Ner13R,0.199,new
AX-90636164,1,280572987,Eff,Kar12W,0.339,new
AX-90636164,1,280572987,Eff,Cam13R,0.228,new
AX-90636164,1,280572987,Eff,Cam13W,0.323,new
AX-90636164,1,280572987,Eff,Bol12R,0.25,new
AX-90650418,1,2797566,Eff,Gai12R,-0.241,new
AX-90650418,1,2797566,Eff,Gai12W,-0.177,new
AX-90650418,1,2797566,Eff,Gai13R,-0.135,new
AX-90650418,1,2797566,Eff,Gai13W,-0.291,new
AX-90650418,1,2797566,Eff,Ner13R,-0.217,new
AX-90650418,1,2797566,Eff,Kar13R,-0.227,new
AX-90650418,1,2797566,Eff,Kar13W,-0.182,new
AX-90681970,1,119501405,Eff,Gra13R,0.16,new
AX-90681970,1,119501405,Eff,Cam12W,0.222,new
AX-91026565,7,16948400,Eff,Ner12W,0.295,new
AX-91026565,7,16948400,Eff,Kar12R,0.535,new
AX-91026565,7,16948400,Eff,Kar12W,0.419,new
AX-91026565,7,16948400,Eff,Kar13W,0.253,new
AX-91072197,8,12782249,Eff,Gai12W,-1.339,new
AX-91072197,8,12782249,Eff,Gai13W,-1.097,new
AX-91072197,8,12782249,Eff,Gra13W,-0.972,new
AX-91072197,8,12782249,Eff,Ner12W,-0.981,new
AX-91072197,8,12782249,Eff,Ner13W,-0.956,new
AX-91072197,8,12782249,Eff,Kar13R,-1.165,new
AX-91072197,8,12782249,Eff,Kar13W,-1.11,new
AX-91072197,8,12782249,Eff,Deb13R,-0.761,new
AX-91101271,8,125931027,Eff,Deb13R,0.179,new
AX-91101271,8,125931027,Eff,Bol12W,-0.362,new
AX-91201897,8,71654502,Eff,Mar13R,0.424,new
AX-91201897,8,71654502,Eff,Gai13R,0.259,new
AX-91201897,8,71654502,Eff,Gra13R,0.517,new
AX-91201897,8,71654502,Eff,Kar12R,0.525,new
AX-91201897,8,71654502,Eff,Kar13R,0.574,new
AX-91201897,8,71654502,Eff,Kar13W,0.598,new
AX-91201897,8,71654502,Eff,Mur13R,0.427,new
AX-91201897,8,71654502,Eff,Mur13W,0.382,new
AX-91201897,8,71654502,Eff,Deb12R,0.376,new
AX-91201897,8,71654502,Eff,Deb12W,0.321,new
AX-91366227,6,5155708,Eff,Gai12R,0.221,new
AX-91366227,6,5155708,Eff,Gai13W,-0.242,new
AX-91366227,6,5155708,Eff,Kar12R,-0.232,new
AX-91366227,6,5155708,Eff,Kar13R,-0.176,new
AX-91366227,6,5155708,Eff,Kar13W,-0.287,new
AX-91366227,6,5155708,Eff,Deb13R,-0.147,new
AX-91388323,3,17398949,Eff,Gai13R,0.192,new
AX-91388323,3,17398949,Eff,Gra13R,0.198,new
AX-91388323,3,17398949,Eff,Mur13R,0.232,new
AX-91388323,3,17398949,Eff,Mur13W,0.314,new
AX-91388323,3,17398949,Eff,Bol12W,0.184,new
AX-91654943,5,70841813,Eff,Mar13W,0.269,new
AX-91654943,5,70841813,Eff,Gai13W,0.211,new
AX-91654943,5,70841813,Eff,Cra12R,-0.125,new
AX-91654943,5,70841813,Eff,Deb13R,0.165,new
AX-91685880,6,25317825,Eff,Gai12W,-0.222,new
AX-91685880,6,25317825,Eff,Gai13R,-0.188,new
AX-91685880,6,25317825,Eff,Kar13R,-0.383,new
AX-91685880,6,25317825,Eff,Kar13W,-0.231,new
AX-91685880,6,25317825,Eff,Mur13R,-0.205,new
AX-91685880,6,25317825,Eff,Mur13W,-0.22,new
AX-91715582,7,15743645,Eff,Gai12W,-0.506,new
AX-91715582,7,15743645,Eff,Ner12W,-0.529,new
AX-91715582,7,15743645,Eff,Kar13R,-0.335,new
AX-91726785,7,75172928,Eff,Gai12R,-0.382,new
AX-91726785,7,75172928,Eff,Gra13W,-0.38,new
AX-91726785,7,75172928,Eff,Ner12R,-0.268,new
AX-91726785,7,75172928,Eff,Ner12W,-0.196,new
AX-91726785,7,75172928,Eff,Cra12R,-0.165,new
AX-91726785,7,75172928,Eff,Kar12W,-0.261,new
AX-91726785,7,75172928,Eff,Kar13R,-0.263,new
AX-91726785,7,75172928,Eff,Mur13R,-0.19,new
AX-91726785,7,75172928,Eff,Cam12R,-0.252,new
AX-91726785,7,75172928,Eff,Cam12W,-0.22,new
AX.91203024,1,2430515,Eff,Bol12R,0.1366198369,old
AX.90663757,1,50439360,Eff,Bol12R,-0.1699331564,old
AX.91499584,1,249530930,Eff,Bol12R,-0.244765876,old
AX.90832809,3,150434035,Eff,Bol12R,-0.1384090968,old
AX.90648211,4,200188443,Eff,Bol12R,0.2713553584,old
AX.90728209,1,295726849,Eff,Bol12W,-0.1581983817,old
AX.90734735,2,16773313,Eff,Bol12W,-0.1563874349,old
AX.91520713,2,62023101,Eff,Bol12W,0.3446211749,old
AX.90832809,3,150434035,Eff,Bol12W,-0.2462524671,old
AX.90648211,4,200188443,Eff,Bol12W,0.5474735286,old
AX.90663757,1,50439360,Eff,Cam12R,-0.1554503758,old
AX.90728209,1,295726849,Eff,Cam12R,-0.184244793,old
AX.91510619,2,7524873,Eff,Cam12R,-0.1137231958,old
AX.91517386,2,44474968,Eff,Cam12R,-0.1459967884,old
AX.90590040,3,158974646,Eff,Cam12R,0.1020210454,old
PZE.103171561,3,218787839,Eff,Cam12R,0.2167851876,old
AX.90648211,4,200188443,Eff,Cam12R,0.1538839985,old
AX.91419621,5,5773880,Eff,Cam12R,0.1996124993,old
AX.91643166,5,6672502,Eff,Cam12R,-0.1419145608,old
AX.90979819,6,6613959,Eff,Cam12R,0.1749607142,old
AX.91685911,6,25582930,Eff,Cam12R,0.250623372,old
AX.90998525,6,84384458,Eff,Cam12R,-0.1589552844,old
AX.90648418,10,132186162,Eff,Cam12R,-0.1829521699,old
AX.90663757,1,50439360,Eff,Cam12W,-0.3186330525,old
AX.90728209,1,295726849,Eff,Cam12W,-0.2543569332,old
AX.91510619,2,7524873,Eff,Cam12W,-0.2116523036,old
AX.90590040,3,158974646,Eff,Cam12W,0.2242536858,old
AX.90539808,3,187430601,Eff,Cam12W,0.2376350493,old
PZE.103171561,3,218787839,Eff,Cam12W,0.3310265292,old
AX.91419621,5,5773880,Eff,Cam12W,0.1893478465,old
AX.90979819,6,6613959,Eff,Cam12W,0.2638101602,old
AX.90548584,6,18990406,Eff,Cam12W,0.3306138408,old
AX.91685911,6,25582930,Eff,Cam12W,0.440584199,old
AX.90648418,10,132186162,Eff,Cam12W,-0.2804595623,old
AX.91203024,1,2430515,Eff,Cam13R,0.1329508324,old
AX.90663757,1,50439360,Eff,Cam13R,-0.1388128074,old
AX.91499584,1,249530930,Eff,Cam13R,-0.1058994929,old
AX.91510619,2,7524873,Eff,Cam13R,-0.1199305617,old
AX.91517386,2,44474968,Eff,Cam13R,-0.1306084334,old
AX.90590040,3,158974646,Eff,Cam13R,0.1622658251,old
AX.91685911,6,25582930,Eff,Cam13R,0.1325219141,old
AX.91405380,8,159499687,Eff,Cam13R,0.2053956014,old
AX.91440967,1,212986628,Eff,Cam13W,0.2519798125,old
AX.91405380,8,159499687,Eff,Cam13W,0.2150028565,old
AX.90571454,8,173077597,Eff,Cam13W,-0.1899597859,old
AX.90648418,10,132186162,Eff,Cam13W,-0.2934141616,old
AX.91194279,10,141619465,Eff,Cam13W,0.2112826485,old
AX.90590040,3,158974646,Eff,Cra12R,0.1411922153,old
AX.91419621,5,5773880,Eff,Cra12R,0.2509115937,old
AX.90973370,5,201266231,Eff,Cra12R,-0.1625725931,old
AX.90548584,6,18990406,Eff,Cra12R,0.176430899,old
AX.90998525,6,84384458,Eff,Cra12R,-0.3524430707,old
AX.91405380,8,159499687,Eff,Cra12R,0.1638983304,old
AX.90648418,10,132186162,Eff,Cra12R,-0.2140961302,old
AX.90590040,3,158974646,Eff,Cra12W,0.3164430262,old
AX.90648211,4,200188443,Eff,Cra12W,0.2491215777,old
AX.91419621,5,5773880,Eff,Cra12W,0.2506683633,old
AX.90548584,6,18990406,Eff,Cra12W,0.3567930268,old
AX.90998525,6,84384458,Eff,Cra12W,-0.2371869569,old
AX.91405380,8,159499687,Eff,Cra12W,0.2371837616,old
AX.90571454,8,173077597,Eff,Cra12W,-0.2440586572,old
AX.90648418,10,132186162,Eff,Cra12W,-0.3777283653,old
AX.91203024,1,2430515,Eff,Deb12R,0.114413624,old
AX.91510619,2,7524873,Eff,Deb12R,-0.1850396214,old
AX.90590040,3,158974646,Eff,Deb12R,0.1348412384,old
AX.90539808,3,187430601,Eff,Deb12R,0.1363655887,old
AX.90648211,4,200188443,Eff,Deb12R,0.1663034466,old
AX.91517386,2,44474968,Eff,Deb12W,-0.1971377257,old
AX.90796025,3,8267933,Eff,Deb12W,0.2728177426,old
AX.91419621,5,5773880,Eff,Deb12W,0.2283143696,old
AX.91203024,1,2430515,Eff,Deb13R,0.1387528678,old
AX.90658944,1,33122606,Eff,Deb13R,0.395508727,old
AX.90590040,3,158974646,Eff,Deb13R,0.1448232676,old
PZE.103171561,3,218787839,Eff,Deb13R,0.1971225104,old
AX.90979819,6,6613959,Eff,Deb13R,-0.2048097966,old
AX.90998525,6,84384458,Eff,Deb13R,-0.1720196876,old
AX.91405380,8,159499687,Eff,Deb13R,0.2500352909,old
AX.90663757,1,50439360,Eff,Gai12R,-0.4428469782,old
AX.90711265,1,234219088,Eff,Gai12R,-0.3232807188,old
AX.91510619,2,7524873,Eff,Gai12R,-0.230398634,old
AX.90734735,2,16773313,Eff,Gai12R,0.1856428174,old
AX.91520713,2,62023101,Eff,Gai12R,-0.2378551012,old
AX.90998525,6,84384458,Eff,Gai12R,-0.2233102965,old
AX.91405380,8,159499687,Eff,Gai12R,0.2755210576,old
AX.91203024,1,2430515,Eff,Gai12W,0.2924792245,old
AX.90796025,3,8267933,Eff,Gai12W,0.2380515813,old
AX.90590040,3,158974646,Eff,Gai12W,0.3371276466,old
AX.90539808,3,187430601,Eff,Gai12W,0.2730174425,old
AX.91405380,8,159499687,Eff,Gai12W,0.321351399,old
AX.91203024,1,2430515,Eff,Gai13R,0.1152542398,old
AX.90796025,3,8267933,Eff,Gai13R,0.1288427863,old
AX.90590040,3,158974646,Eff,Gai13R,0.2616444235,old
AX.90539808,3,187430601,Eff,Gai13R,0.1667725035,old
AX.90648211,4,200188443,Eff,Gai13R,0.2353262317,old
AX.91642932,5,5435055,Eff,Gai13R,0.1392530991,old
AX.91419621,5,5773880,Eff,Gai13R,0.1428523704,old
AX.90998525,6,84384458,Eff,Gai13R,-0.1841295638,old
AX.91105090,8,139338906,Eff,Gai13R,0.113033395,old
AX.91405380,8,159499687,Eff,Gai13R,0.2591894429,old
AX.91203024,1,2430515,Eff,Gai13W,0.1283543674,old
AX.91499584,1,249530930,Eff,Gai13W,0.1742188978,old
AX.91510619,2,7524873,Eff,Gai13W,-0.1549486067,old
AX.90792361,2,232389200,Eff,Gai13W,0.341453296,old
AX.90796025,3,8267933,Eff,Gai13W,0.2194195417,old
AX.90590040,3,158974646,Eff,Gai13W,0.2921988471,old
AX.90539808,3,187430601,Eff,Gai13W,0.1512128644,old
PZE.103171561,3,218787839,Eff,Gai13W,0.3545478094,old
AX.91642932,5,5435055,Eff,Gai13W,0.2399798348,old
AX.90998525,6,84384458,Eff,Gai13W,-0.3157760268,old
AX.91105090,8,139338906,Eff,Gai13W,0.1766349401,old
AX.91405380,8,159499687,Eff,Gai13W,0.2692063657,old
AX.91203024,1,2430515,Eff,Gra13R,0.1805773024,old
AX.90663757,1,50439360,Eff,Gra13R,-0.211197864,old
AX.91510619,2,7524873,Eff,Gra13R,-0.1977332135,old
AX.90539808,3,187430601,Eff,Gra13R,0.1642426089,old
PZE.103171561,3,218787839,Eff,Gra13R,0.2451735192,old
AX.90648211,4,200188443,Eff,Gra13R,0.4093803493,old
AX.91685911,6,25582930,Eff,Gra13R,0.1445325664,old
AX.90998525,6,84384458,Eff,Gra13R,-0.2589636182,old
AX.91405380,8,159499687,Eff,Gra13R,0.2315363597,old
AX.90648418,10,132186162,Eff,Gra13R,-0.171945618,old
AX.91203024,1,2430515,Eff,Gra13W,0.172174384,old
AX.90792361,2,232389200,Eff,Gra13W,0.4177287347,old
AX.90590040,3,158974646,Eff,Gra13W,0.3337299046,old
AX.90539808,3,187430601,Eff,Gra13W,0.2306683996,old
AX.90648211,4,200188443,Eff,Gra13W,0.3759025884,old
AX.90998525,6,84384458,Eff,Gra13W,-0.4282226158,old
AX.91405380,8,159499687,Eff,Gra13W,0.2557823164,old
AX.91203024,1,2430515,Eff,Kar12R,0.1712751701,old
AX.90658944,1,33122606,Eff,Kar12R,0.3394985223,old
AX.91440967,1,212986628,Eff,Kar12R,0.2104645038,old
AX.91510619,2,7524873,Eff,Kar12R,-0.2276522962,old
AX.91517386,2,44474968,Eff,Kar12R,0.2419123908,old
AX.91520713,2,62023101,Eff,Kar12R,-0.1864557719,old
AX.91445849,3,13278110,Eff,Kar12R,0.1931017746,old
AX.90590040,3,158974646,Eff,Kar12R,0.2277698663,old
AX.90539808,3,187430601,Eff,Kar12R,0.1841415464,old
PZE.103171561,3,218787839,Eff,Kar12R,0.2800793973,old
AX.91105090,8,139338906,Eff,Kar12R,0.3036094041,old
AX.91405380,8,159499687,Eff,Kar12R,0.280815944,old
AX.90658944,1,33122606,Eff,Kar12W,0.2816549004,old
AX.91440967,1,212986628,Eff,Kar12W,0.3513627138,old
AX.91445849,3,13278110,Eff,Kar12W,0.1818391022,old
PZE.103171561,3,218787839,Eff,Kar12W,0.317024511,old
AX.90648211,4,200188443,Eff,Kar12W,0.3237864282,old
AX.90973370,5,201266231,Eff,Kar12W,0.2172692974,old
AX.90548584,6,18990406,Eff,Kar12W,0.2004461443,old
AX.91105090,8,139338906,Eff,Kar12W,0.1757676589,old
AX.91405380,8,159499687,Eff,Kar12W,0.319174603,old
AX.91203024,1,2430515,Eff,Kar13R,0.1380529705,old
AX.91510619,2,7524873,Eff,Kar13R,-0.1753823672,old
AX.91520713,2,62023101,Eff,Kar13R,-0.1869363177,old
AX.90792361,2,232389200,Eff,Kar13R,0.3435197476,old
AX.90590040,3,158974646,Eff,Kar13R,0.3325104401,old
AX.90539808,3,187430601,Eff,Kar13R,0.2319270405,old
PZE.103171561,3,218787839,Eff,Kar13R,0.4914015487,old
AX.91643166,5,6672502,Eff,Kar13R,0.1793571832,old
AX.90979819,6,6613959,Eff,Kar13R,-0.2293446016,old
AX.90998525,6,84384458,Eff,Kar13R,-0.3579363664,old
AX.91105090,8,139338906,Eff,Kar13R,0.387407005,old
AX.91405380,8,159499687,Eff,Kar13R,0.3503078582,old
AX.91194279,10,141619465,Eff,Kar13R,0.2687514445,old
AX.91203024,1,2430515,Eff,Kar13W,0.1461049522,old
AX.91499584,1,249530930,Eff,Kar13W,0.1657095583,old
AX.90734735,2,16773313,Eff,Kar13W,-0.1836909134,old
AX.91517386,2,44474968,Eff,Kar13W,-0.1816547706,old
AX.91520713,2,62023101,Eff,Kar13W,-0.2441160278,old
AX.90792361,2,232389200,Eff,Kar13W,0.6273183814,old
AX.90590040,3,158974646,Eff,Kar13W,0.262435533,old
AX.90539808,3,187430601,Eff,Kar13W,0.2449044337,old
PZE.103171561,3,218787839,Eff,Kar13W,0.3145203184,old
AX.90648211,4,200188443,Eff,Kar13W,0.305492067,old
AX.91643166,5,6672502,Eff,Kar13W,0.2196415933,old
AX.91105090,8,139338906,Eff,Kar13W,0.3617396349,old
AX.91405380,8,159499687,Eff,Kar13W,0.3119779236,old
AX.91203024,1,2430515,Eff,Mar13R,0.1400986534,old
AX.91440967,1,212986628,Eff,Mar13R,0.1632824651,old
AX.90734735,2,16773313,Eff,Mar13R,-0.1927035034,old
AX.91445849,3,13278110,Eff,Mar13R,0.2504785437,old
AX.90539808,3,187430601,Eff,Mar13R,0.3289915268,old
AX.90648211,4,200188443,Eff,Mar13R,0.2312108455,old
AX.90548584,6,18990406,Eff,Mar13R,0.1996281276,old
AX.90998525,6,84384458,Eff,Mar13R,-0.2752524244,old
AX.91405380,8,159499687,Eff,Mar13R,0.288003921,old
AX.90792361,2,232389200,Eff,Mar13W,0.5771317287,old
PZE.103171561,3,218787839,Eff,Mar13W,0.3785762448,old
AX.90973370,5,201266231,Eff,Mar13W,0.3082748097,old
AX.90548584,6,18990406,Eff,Mar13W,0.3062580953,old
AX.91047031,7,97064114,Eff,Mar13W,0.4062995746,old
AX.91405380,8,159499687,Eff,Mar13W,0.3079344937,old
AX.90711265,1,234219088,Eff,Mur13R,0.151479393,old
AX.91510619,2,7524873,Eff,Mur13R,-0.1278915774,old
AX.90792361,2,232389200,Eff,Mur13R,0.589732253,old
AX.91445849,3,13278110,Eff,Mur13R,0.1338287436,old
AX.90590040,3,158974646,Eff,Mur13R,0.2746681434,old
PZE.103171561,3,218787839,Eff,Mur13R,0.3195619622,old
AX.90648211,4,200188443,Eff,Mur13R,0.4065098595,old
AX.91642932,5,5435055,Eff,Mur13R,0.2243876358,old
AX.91419621,5,5773880,Eff,Mur13R,0.1526420532,old
AX.90548584,6,18990406,Eff,Mur13R,0.2468661597,old
AX.91105090,8,139338906,Eff,Mur13R,0.2210603496,old
AX.91405380,8,159499687,Eff,Mur13R,0.322225162,old
AX.91194279,10,141619465,Eff,Mur13R,0.3000082854,old
AX.90658944,1,33122606,Eff,Mur13W,0.2398958093,old
AX.91440967,1,212986628,Eff,Mur13W,0.196565756,old
AX.91510619,2,7524873,Eff,Mur13W,-0.313192436,old
AX.90792361,2,232389200,Eff,Mur13W,0.4566702998,old
AX.90590040,3,158974646,Eff,Mur13W,0.2514491699,old
PZE.103171561,3,218787839,Eff,Mur13W,0.2275376547,old
AX.90648211,4,200188443,Eff,Mur13W,0.3777619387,old
AX.91642932,5,5435055,Eff,Mur13W,0.1959382524,old
AX.91419621,5,5773880,Eff,Mur13W,0.2893103638,old
AX.91643166,5,6672502,Eff,Mur13W,0.3235327832,old
AX.90548584,6,18990406,Eff,Mur13W,0.2933453969,old
AX.91105090,8,139338906,Eff,Mur13W,0.2393549907,old
AX.91405380,8,159499687,Eff,Mur13W,0.2779395038,old
AX.91194279,10,141619465,Eff,Mur13W,0.4676666598,old
AX.91203024,1,2430515,Eff,Ner12R,0.2691453372,old
AX.90663757,1,50439360,Eff,Ner12R,-0.2747586319,old
AX.90832809,3,150434035,Eff,Ner12R,-0.1665016281,old
AX.90539808,3,187430601,Eff,Ner12R,0.1411150532,old
AX.90973370,5,201266231,Eff,Ner12R,0.2322462817,old
AX.90548584,6,18990406,Eff,Ner12R,-0.1571135694,old
AX.91047031,7,97064114,Eff,Ner12R,0.1896848354,old
AX.91405380,8,159499687,Eff,Ner12R,0.1893217307,old
AX.91203024,1,2430515,Eff,Ner12W,0.2165863383,old
AX.91517386,2,44474968,Eff,Ner12W,0.1534777745,old
AX.91520713,2,62023101,Eff,Ner12W,-0.1887885877,old
AX.90796025,3,8267933,Eff,Ner12W,0.1770057176,old
AX.90539808,3,187430601,Eff,Ner12W,0.2461118699,old
AX.91105090,8,139338906,Eff,Ner12W,0.265634674,old
AX.91405380,8,159499687,Eff,Ner12W,0.3400061061,old
AX.91203024,1,2430515,Eff,Ner13R,0.197235524,old
AX.91520713,2,62023101,Eff,Ner13R,-0.1588378536,old
PZE.103171561,3,218787839,Eff,Ner13R,0.2453393039,old
AX.90648211,4,200188443,Eff,Ner13R,0.2095284617,old
AX.90998525,6,84384458,Eff,Ner13R,-0.2085532614,old
AX.91047031,7,97064114,Eff,Ner13R,0.1582523795,old
AX.91405380,8,159499687,Eff,Ner13R,0.3942952919,old
AX.90734735,2,16773313,Eff,Ner13W,-0.1797067762,old
AX.91517386,2,44474968,Eff,Ner13W,0.1604961045,old
AX.90792361,2,232389200,Eff,Ner13W,0.2597862961,old
AX.90796025,3,8267933,Eff,Ner13W,0.1763898668,old
AX.90590040,3,158974646,Eff,Ner13W,0.2404007066,old
AX.90539808,3,187430601,Eff,Ner13W,0.2014537275,old
PZE.103171561,3,218787839,Eff,Ner13W,0.2313242423,old
AX.91642932,5,5435055,Eff,Ner13W,0.2508122837,old
AX.91105090,8,139338906,Eff,Ner13W,0.1998746804,old
AX.91405380,8,159499687,Eff,Ner13W,0.297195652,old
AX.90571454,8,173077597,Eff,Ner13W,0.3100370396,old
AX.91194279,10,141619465,Eff,Ner13W,0.1869857094,old
