Marker_Name,Trait,Chromosome,Marker_Position,genPos,LogPval,R2_LR,effect.SE,effect,Bin,interval.genet,interval.physic
AX-91456763,RF.main,1,17696851,42.2342779044789,5.55912139172772,0.12323317019106,67.000095059506,-321.640652380642,1.02,42.13 - 42.33,17.66 - 17.75
AX-91456763,RF.Tnight.Flo,1,17696851,42.2342779044789,4.7155042516127,0.0868573830921635,2.93643076102512,12.800510975599,1.02,42.13 - 42.33,17.66 - 17.75
S1_18978483,RF.Tnight.Flo,1,18978483,45.0726658865905,4.88456396681195,0.0901214801877681,3.2758078432817,14.5784424277324,1.02,44.97 - 45.36,18.94 - 19.12
AX-90662016,RF.Tnight.Flo,1,44349658,68.9637305699225,4.63369383561086,0.0857066906438109,3.10894608318586,13.4137927885252,1.03,68.86 - 69.06,44.12 - 44.59
AX-91462092,RF.Tnight.Flo,1,46414412,69.8479054290314,5.12948351701787,0.0932923145588028,2.78929607158532,12.7746115679358,1.03,69.75 - 69.95,46.18 - 46.65
AX-90673745,RF.main,1,88137634,97.0391694128467,4.64703232476546,0.10835627976059,66.0279763501849,-285.364948448481,1.05,96.94 - 97.14,88.06 - 88.23
AX-90676972,RF.main,1,100628998,109.22897967121,5.67778093778746,0.122315077690818,69.032362692128,335.512223494266,1.05,109.13 - 109.41,100.47 - 100.93
AX-90676972,RF.Tnight.Flo,1,100628998,109.22897967121,4.86783673616362,0.0866542223467228,3.01239187385178,-13.3791855470079,1.05,109.13 - 109.33,100.47 - 100.8
AX-91483323,RF.Tnight.Flo,1,161620613,121.685410229928,4.8525196467408,0.0882481651259058,2.99095192681458,13.2594077193265,1.05,121.59 - 121.79,161.47 - 161.78
S1_191855958,RF.Tnight.Flo,1,191855958,144.743742413789,5.09519887443341,0.0886649000921879,3.25561721521577,14.8518212696165,1.06,144.64 - 144.84,191.74 - 191.99
AX-90699999,RF.Tnight.Flo,1,193174183,145.793700841959,6.75800234862049,0.11927758849129,3.05985841743775,16.4617182184366,1.06,145.69 - 146.02,193.05 - 193.45
AX-90700041,RF.main,1,193317096,145.915932687607,6.44428064651585,0.134357693818041,70.5047964092657,368.945863885998,1.06,145.69 - 146.02,193.05 - 193.45
S1_193828409,RF.Tnight.Flo,1,193828409,146.334176979118,4.63238213834586,0.0823371786190904,3.29376230338955,14.208830527434,1.06,146.23 - 146.44,193.71 - 193.97
AX-90700326,RF.main,1,194399129,146.806061740067,4.54648830373744,0.106584474373104,65.451324826477,279.255338890025,1.06,146.71 - 146.91,194.28 - 194.53
S1_194659786,RF.Tnight.Flo,1,194659786,147.022729220748,5.40291719382352,0.0963842045477354,3.15308800247744,14.886536505527,1.06,146.76 - 147.21,194.34 - 194.88
AX-90623011,RF.main,1,197075410,149.073179602119,4.87782427773364,0.110559340862437,70.8640818314363,315.113417784414,1.06,148.97 - 149.2,196.97 - 197.23
AX-90623011,RF.Tnight.Flo,1,197075410,149.073179602119,4.79932151344085,0.0859378188934884,3.07430635003268,-13.5409930223737,1.06,148.97 - 149.2,196.97 - 197.23
S1_200716371,RF.Tnight.Flo,1,200716371,152.229841094094,4.55235791478107,0.0813898013299612,3.08903625880821,13.1897295711806,1.07,152.13 - 152.33,200.61 - 200.84
S1_206875726,RF.main,1,206875726,157.631524396826,6.22653784040904,0.123212302905374,71.7609226245617,368.068781158905,1.07,157.53 - 157.73,206.77 - 207
S1_206875726,RF.Tnight.Flo,1,206875726,157.631524396826,6.32940734924888,0.10296170534212,3.10008564286884,-16.0532913791846,1.07,157.53 - 157.73,206.77 - 207
S1_246415297,RF.Ri.Early,1,246415297,203.855674955414,5.11525058942154,0.0681394406375591,0.101778249158352,0.465372778506784,1.08,203.76 - 203.96,246.25 - 246.6
AX-91500514,RF.Tnight.Flo,1,254416206,208.258661015451,4.75629200924932,0.0876501760261907,2.97095190466983,-13.0167106105264,1.09,208.16 - 208.36,254.25 - 254.6
S1_266163307,RF.main,1,266163307,216.72607714395,5.20120008293899,0.115631395704174,68.0543339453671,314.225316054323,1.09,216.63 - 216.83,266.05 - 266.28
S1_266163307,RF.Tnight.Flo,1,266163307,216.72607714395,4.9979246398694,0.0897159906898126,2.95133435086122,-13.3124187433763,1.09,216.63 - 216.83,266.05 - 266.28
AX-91504789,RF.Psi.Flo,1,278052372,227.416978923548,4.73938435875665,0.0630782863784516,0.120575444856168,0.527176112041919,1.10,227.32 - 227.52,277.97 - 278.14
AX-91507217,RF.Tnight.Flo,1,290805355,248.010944912191,4.51849363352382,0.0792850027284802,2.87869220446564,12.2376766774542,1.11,247.91 - 248.11,290.76 - 290.87
S1_290957278,RF.Ri.Early,1,290957278,248.299190889119,5.282294760503,0.0706831143446813,0.0991573195582335,0.462002470113946,1.11,248.18 - 248.4,290.9 - 291.02
AX-91518892,RF.Ri.Early,2,52478957,85.8966466375311,4.63191474503441,0.0597073268367901,0.0955554485495715,-0.412188393909861,2.04,85.8 - 86,52.26 - 52.71
AX-91405294,RF.Ri.Early,2,53792050,86.4736277164162,5.52900299616323,0.074995786332767,0.100592769797946,-0.481374516969558,2.04,86.33 - 86.57,53.46 - 54.02
PZE-102116253,RF.main,2,154166312,103.098648883795,4.53811826271926,0.106846017639973,65.7045033353855,-280.031609480661,2.06,103 - 103.2,153.89 - 154.47
PZE-102116253,RF.Tnight.Flo,2,154166312,103.098648883795,4.73330078651732,0.0869301040788631,2.85120964232585,12.4565617801862,2.06,103 - 103.2,153.89 - 154.47
AX-91544646,RF.Psi.Flo,2,187445178,141.017362572533,4.79822110718606,0.0637413224134046,0.118615712137396,-0.522380671329397,2.07,140.92 - 141.12,187.42 - 187.49
AX-91583310,RF.Psi.Flo,3,158974594,72.2298352944819,5.42540653998604,0.0722434560203009,0.118035747306236,0.558632706631972,3.05,72.13 - 72.34,158.88 - 159.08
AX-90838144,RF.main,3,171759589,91.4495541280952,4.70106878256235,0.107726969772075,65.8166345536653,286.39176677427,3.06,91.35 - 91.8,171.71 - 171.95
AX-90855762,RF.main,4,1063590,3.13839574397655,4.73519937436241,0.109653280313321,70.9535014447569,310.059626966263,4.01,3.04 - 3.24,1.03 - 1.1
AX-90856115,RF.main,4,2674983,7.85348727222593,4.69968274029724,0.109103832279966,66.5000855825392,289.315551814923,4.01,7.75 - 7.95,2.64 - 2.71
S4_120516567,RF.Ri.Early,4,120516567,54.5564092638959,4.50047315963871,0.0573793139649442,0.105191153017558,0.446129487331415,4.05,54.46 - 54.66,92.27 - 126.57
AX-90901065,RF.Ri.Early,4,173374789,88.396179266096,4.91599308754241,0.0650223157679066,0.103552590194393,0.462581662439757,4.07,88.3 - 88.5,173.32 - 173.43
S5_11354662,RF.Psi.Flo,5,11354662,35.3346840194429,4.75708431973568,0.0629856491886253,0.111904362345548,-0.490337545893103,5.02,35.23 - 35.46,11.31 - 11.41
S5_17317022,RF.Psi.Flo,5,17317022,46.8576256757726,5.02202275604928,0.0652373386469112,0.11979476747733,0.541877843810269,5.03,46.76 - 46.96,17.26 - 17.39
S5_81079837,RF.main,5,81079837,75.7583746634104,4.53821596242558,0.105866238727693,71.2788300752806,303.793156972911,5.04,75.66 - 75.86,80.68 - 81.5
AX-90945288,RF.main,5,92814129,78.372681761322,4.52273482274175,0.10481444299685,65.5688542727105,278.895339936909,5.04,78.27 - 78.51,92.33 - 93.51
AX-90945332,RF.Tnight.Flo,5,92969836,78.4053941103439,4.50688789865086,0.0821004150073876,2.79216955661183,-11.8518951839112,5.04,78.31 - 78.51,92.49 - 93.47
S6_97320703,RF.Psi.Flo,6,97320703,35.3870561341503,4.63884559186245,0.0594402902843968,0.114699161427539,0.49520211709453,6.03,35.29 - 35.49,97.27 - 97.38
AX-91001913,RF.Psi.Flo,6,97632656,35.9236725575813,4.71698379809484,0.0628244433503024,0.119947845072817,0.522973966989696,6.03,35.82 - 36.16,97.58 - 97.78
S6_117452688,RF.Tnight.Flo,6,117452688,58.9394193195302,4.76860722415809,0.0876000182191451,2.94493385507968,12.9223350569373,6.04,58.84 - 59.04,117.35 - 117.56
AX-91414044,RF.Tnight.Flo,6,152183210,73.928784540909,5.59527191064513,0.0994037158128085,2.85116059393139,-13.7392338768588,6.05,73.83 - 74.05,152.13 - 152.25
AX-90599191,RF.main,6,152185530,73.9472855418802,6.00581507349834,0.128668226452927,65.3824929514828,328.366655177846,6.05,73.83 - 74.05,152.13 - 152.25
AX-91710394,RF.Psi.Flo,6,157030148,85.6941612764826,5.15951769115822,0.0690864151308906,0.107707988482337,0.494978645842996,6.06,85.59 - 85.79,157 - 157.07
S7_9366020,RF.Tnight.Flo,7,9366020,27.8054269433085,4.57558894009679,0.0825997995914248,2.6663979202642,11.4192865334268,7.01,27.71 - 27.91,9.32 - 9.43
AX-91056545,RF.Ri.Early,7,133373124,72.7930605090302,4.84035164271863,0.06309539162269,0.09474729102542,0.419412427748341,7.03,72.69 - 72.91,133.32 - 133.44
PZE-108068736,RF.Ri.Early,8,120766124,99.6826761967178,4.78620684227035,0.0626869804165614,0.100554310467855,0.44218705812143,8.04,99.58 - 99.78,120.73 - 120.82
S8_123810657,RF.Ri.Early,8,123810657,105.952464817681,4.61500114543939,0.0597951491728791,0.102844222353999,0.44267563372151,8.05,105.85 - 106.05,123.77 - 123.86
AX-91103602,RF.Ri.Early,8,134110408,122.525609828213,4.56634231134414,0.0595928578038007,0.108787786966734,0.465347187413494,8.05,122.43 - 122.63,133.98 - 134.26
AX-91105007,RF.Ri.Early,8,139136138,125.016448252598,4.64581297726656,0.0602832960126635,0.10387580976346,0.448869434238366,8.05,124.92 - 125.12,138.86 - 139.44
AX-91774275,RF.Psi.Flo,8,155863352,132.80565604672,4.70720863265151,0.0618264899056032,0.107261282231134,0.467090513149985,8.06,132.71 - 132.91,155.74 - 155.98
AX-90636989,RF.Ri.Early,8,160100432,137.645468991987,4.83133603360645,0.0623338043291608,0.101606269725779,0.449282580660341,8.06,137.55 - 137.75,160.04 - 160.17
AX-91775468,RF.Ri.Early,8,162225269,141.28280507723,4.69117230271195,0.0600310283334691,0.106682867136182,0.463640650629204,8.06,141.16 - 141.38,162.17 - 162.29
S8_167382811,RF.Ri.Early,8,167382811,154.592324205526,4.57261116084669,0.0590093158742874,0.100270611482705,0.429260847060661,8.07,154.49 - 154.69,167.35 - 167.42
S8_170224181,RF.Ri.Early,8,170224181,163.800350267362,4.50761923020351,0.057233640542666,0.0950014147647572,0.403290123204308,8.08,163.7 - 163.9,170.2 - 170.25
S8_171609496,RF.Ri.Early,8,171609496,168.472612049414,4.75482101932617,0.0621388936833409,0.100263819403092,0.439208707230115,8.08,168.37 - 168.57,171.59 - 171.64
AX-91778971,RF.main,9,4301218,10.7333670637393,5.26688110424665,0.118764152017824,70.0494924558034,325.822872287765,9.01,10.63 - 10.83,4.27 - 4.34
AX-91778971,RF.Tnight.Flo,9,4301218,10.7333670637393,5.25097351196981,0.0958385821596807,3.04203096862399,-14.1244354820547,9.01,10.63 - 10.83,4.27 - 4.34
AX-91156435,RF.Ri.Early,9,153772620,130.749741471241,4.95791197971196,0.0657444944107788,0.103656027469811,-0.465356263080322,9.07,130.65 - 130.85,153.75 - 153.8
S10_126687202,RF.Ri.Early,10,126687202,81.1340589595126,4.7400752503875,0.0611092671481011,0.102804398744482,0.449516614790663,10.04,81.03 - 81.23,126.46 - 126.92
