"genotype","GY15.BIOGAI_2013_watered"
"B73_inra",10.4930168620352
"PH207_usda",10.2097801618814
"Oh43_inra",10.3265725053081
"W64A_inra",9.35194929062443
"Oh33_inra",10.2787124364324
"EZ47_csic",10.7110569116806
"MS153_inra",9.50865726510486
"A310_inra",8.79640400775966
"B84_inra",11.2415524807925
"F894_inra",10.3565288492304
"F912_inra",9.36878220716024
"B105_inra",11.269431633338
"A347_inra",7.0116719933268
"EP52_csic",10.8561845988049
"F7028_inra",9.13478592423895
"FC1890_inra",11.2823768826338
"A374_inra",9.52112823467
"B100_uh",10.7226523410339
"EZ11A_csic",11.5307897717044
"EZ37_csic",10.7573429047104
"F1808_inra",10.4591448837084
"Pa405_uh",9.22404667495675
"LH38_usda",10.2525566846887
"Oh02_inra",11.4679255571944
"UH250_uh",10.1071945152559
"B97_usa",11.3373959030703
"F838_inra",10.6619543189684
"B104_inra",11.0521938698642
"B89_inra",9.74094833418535
"NC290_uh",10.610623320402
"UH_P089_uh",9.27102160719624
"EC232_ciam",10.3185175989302
"LAN496_inra",9.29758588760559
"EP2008-18_csic",11.3470916950261
"F7081_inra",9.77699116999358
"HMV5422_Martonvasar",12.2714825724932
"Os426_inra",9.44774998773773
"PHG39_usda",10.5964773854708
"F7001_inra",10.4651340878148
"LH74_inra",10.3150319903719
"HMV5405_Martonvasar",10.7876157744186
"F924_inra",11.5307759855431
"EZ40_csic",11.816865939117
"W23_uh",8.05400947121451
"Mo17_inra",11.7406525160522
"W9_inra",8.32604214392228
"F7025_inra",10.1564305893096
"CO109_inra",9.55869094714301
"PHG83_usda",10.2809690915973
"N25_inra",9.92738632091354
"B107_inra",10.2932650637508
"F748_inra",10.5305711080137
"PHG86_usda",11.0976307414986
"DK78371A_usda",12.0661110278463
"F712_inra",9.78019255543215
"HMV5325_Martonvasar",10.1678043809212
"B113_uh",10.85936709637
"LH145_usda",9.13986209802992
"PB98TR_inra",11.2383571184175
"PB116_inra",9.47139643402926
"W602S_uh",9.40690820659999
"N6_inra",9.93062899865742
"F918_inra",11.0617847697556
"B106_inra",9.76103395028908
"AS5707_usda",13.1942069991705
"Lp5_usda",10.762810594361
"EM1163_inra",7.76013603166332
"LH82_inra",9.24985322148003
"B108_uh",8.87186132794916
"UH_P128_uh",10.6380787240806
"EP51_csic",8.86019372009761
"PHH93_usda",9.51892096310633
"EP55_csic",8.66542789365596
"B98_uh",12.0009537383562
"ML606_usda",11.0460705314307
"DKFBHJ_usda",9.98269312631294
"PHG47_usda",10.5045966994403
"PHB09_usda",11.4956371463058
"F98902_inra",11.4178947913642
"B37_inra",11.2288849454568
"FV353_inra",9.03318348240036
"EC136_ciam",9.14802229363151
"W95115_inra",8.67471571136582
"Pa91_inra",11.7805535289921
"EA3076_csic",8.62276496709751
"PHK76_usda",9.91806555808328
"EP10_csic",8.39548051124158
"NDB8_inra",7.9513877585684
"MS71_uh",9.02772143919836
"DK4676A_usda",9.26839391973966
"EP29_csic",10.409012202601
"NC358_uh",10.6378125596296
"LH93_usda",10.954978204102
"11430_usda",10.4288988051877
"A3_inra",10.1995070375409
"A375_inra",9.60467384459549
"B109_uh",11.0840851177341
"B110_uh",12.8472142117849
"C103_inra",10.2256203724205
"CR1Ht_usda",10.6259107276405
"D09_uh",9.39691738079209
"DE811_inra",10.2385419094382
"DK78010_usda",10.1204320578816
"DKFAPW_usda",10.3747280131349
"DKIBO2_usda",9.3109963207323
"DKMBST_usda",11.6813853322656
"EC140_ciam",10.5804710576471
"EC151_ciam",11.0997379634524
"EC169_ciam",8.31676034258178
"EC175_ciam",7.52019248283223
"EC242C_ciam",9.20766404302072
"EC334_ciam",7.4360048808338
"EM1027_inra",11.2090282233589
"EP2008-22_csic",9.99279129046208
"EP67_csic",8.99992519349814
"EP72_csic",8.322183412486
"EP77_csic",8.23692299281752
"EZ18_csic",10.7428380649026
"EZ31_csic",10.1525801579139
"EZ35_csic",8.84619326722926
"EZ36_csic",11.331200989053
"EZ38_csic",11.7094859100925
"EZ42_csic",10.8089437912574
"EZ48_csic",11.0392199120228
"F04401_inra",10.3060863727515
"F04402_inra",10.377938134315
"F04701_inra",10.8362732762014
"F04702_inra",10.4644829443661
"F05101_inra",10.1585144951311
"F05404_inra",11.7550223277243
"F608_inra",8.21168357854333
"F618_inra",10.3070374359891
"F7019_inra",10.0021967349198
"F7058_inra",8.2314856509569
"F7057_inra",8.96106219660542
"F7082_inra",9.81811071229038
"F752_inra",12.6053514445737
"F874_inra",6.61414313029122
"F888_inra",8.76829570665117
"F908_inra",8.19364108372513
"F922_inra",10.4603483696127
"FP1_inra",8.96201740258571
"FV218_inra",8.1729747416461
"FV252_inra",7.23666754995292
"FV354_inra",8.54150503548919
"H99_inra",9.96096766287348
"HMV5301_Martonvasar",11.3347792035269
"HMV5343_Martonvasar",10.4760251832012
"HMV5347_Martonvasar",10.2194190016362
"HMV5409_Martonvasar",10.037944890112
"HMV5502_Martonvasar",10.5855091836141
"I198_inra",9.75161244630521
"I233_inra",10.9578544702521
"I238_inra",10.6675212307523
"I242_inra",10.2615215467392
"I261_inra",10.0499681580964
"I267_inra",8.97180775496097
"IDT_inra",10.2791292218203
"LH123Ht_usda",12.1431904991402
"LH39_usda",10.3779050202808
"LH59_usda",11.4603485346706
"LH60_usda",10.5347501275756
"LH65_usda",10.9264977036249
"Lo1016_bergamo",12.1032771943168
"Lo1026_bergamo",10.7975385975907
"Lo1035_bergamo",11.4066011282526
"Lo1038_bergamo",12.8492128047305
"Lo1056_bergamo",13.2345565015814
"Lo1063_bergamo",11.3226594945422
"Lo1087_bergamo",13.5616907238963
"Lo1094_bergamo",11.6135442963145
"Lo1095_bergamo",10.8965250990839
"Lo1101_bergamo",12.6955412607559
"Lo1106_bergamo",12.6783673129149
"Lo1123_bergamo",10.5293991666784
"Lo1124_bergamo",10.3471553527245
"Lo1172_bergamo",11.5351361280168
"Lo1180_bergamo",10.6787141699547
"Lo1187_bergamo",12.0425748472494
"Lo1199_bergamo",12.2181707438024
"Lo1203_bergamo",10.7597608038385
"Lo1223_bergamo",13.0340661650367
"Lo1242_bergamo",10.5998177465195
"Lo1251_bergamo",13.6274652987551
"Lo1253_bergamo",13.5207354770059
"Lo1261_bergamo",12.4410736601835
"Lo1266_bergamo",12.663617310101
"Lo1270_bergamo",11.3592409414212
"Lo1273_bergamo",10.6015112969938
"Lo1274_bergamo",10.32429534677
"Lo1280_bergamo",10.375636840267
"Lo1282_bergamo",11.6310653473246
"Lo1284_bergamo",12.4989268294824
"Lo1288_bergamo",11.9253212722898
"Lo1290_bergamo",11.875145196278
"Pa36_inra",6.60570025021111
"Lo1301_bergamo",14.1098721683079
"Lo904_bergamo",11.5061837997066
"Mo15W_inra",10.3899410455887
"N16_inra",10.5527584614854
"N192_usa",10.8987257033455
"N22_inra",8.85523456008486
"NK764_usda",10.8089879182361
"NK807_usda",9.89244084512386
"NQ508_usda",10.342391768807
"NS701_usda",11.8591991495308
"Oh40B_inra",11.5542194409679
"P465P_inra",8.9952198136826
"A554_inra",7.97480493407844
"FR697_ifsi",11.5538693656759
"PHG35_usda",12.8700548275475
"PHG50_usda",10.8519780810221
"PHG71_usda",10.1032574120494
"PHG80_usda",11.807331911563
"PHG84_usda",11.7546173241903
"PHJ40_usda",9.62983971200424
"PHK29_usda",12.6215726909855
"PHR36_usda",11.3821050177083
"PHT77_usda",11.3152755906095
"PHV63_usda",11.7799241256845
"PHW65_usda",11.8803341271114
"PHZ51_usda",12.1211461831691
"SC-Malawi_cim",9.95830099721514
"UH_2500_uh",7.55746161952054
"UH_6102_uh",8.85393016903486
"UH_6179_uh",9.18973416092398
"UH_P024_uh",10.8456314227747
"UH_P060_uh",9.52555912337387
"UH_P064_uh",11.0974530157502
"UH_P074_uh",9.89208076959208
"UH_P087_uh",9.12564378414203
"UH_P104_uh",8.71213388419507
"UH_P115_uh",9.21264912114347
"UH_P148_uh",9.59044289020502
"UH_S018_uh",11.6027127935085
"UH_S020_uh",11.5971875922574
"UH_S025_uh",9.50812704741284
"UH304_uh",10.3333119309168
"Va26_inra",10.2661430183725
"W117_inra",8.43778000657328
"W182E_inra",7.53317035791349
"W604S_uh",10.8368054803159
"Wf9_inra",8.57465353598979
"SGI061_ifsi",10.9099894127584
